year,major,institution,m_attrition,f_attrition,t_attrition,participant,degrees
2006,CS and/or Eng Multiple Majors (data submitted in aggregation),456,0.0,0.0,0.0,"Extension Services, Academic Alliance",Bachelor's and master's degrees only
2007,CS and/or Eng Multiple Majors (data submitted in aggregation),456,0.0,0.0,0.0,"Extension Services, Academic Alliance",Bachelor's and master's degrees only
2008,CS and/or Eng Multiple Majors (data submitted in aggregation),456,0.0,0.0,0.0,"Extension Services, Academic Alliance",Bachelor's and master's degrees only
2009,CS and/or Eng Multiple Majors (data submitted in aggregation),456,0.05555555555555555,0.0,0.034482758620689655,"Extension Services, Academic Alliance",Bachelor's and master's degrees only
2010,CS and/or Eng Multiple Majors (data submitted in aggregation),456,0.034482758620689655,0.0,0.022727272727272728,"Extension Services, Academic Alliance",Bachelor's and master's degrees only
2011,CS and/or Eng Multiple Majors (data submitted in aggregation),456,0.06666666666666667,0.2222222222222222,0.10256410256410256,"Extension Services, Academic Alliance",Bachelor's and master's degrees only
2006,Computer Science / Engineering,128,0.125,0.0,0.11538461538461539,"Extension Services, Academic Alliance","Bachelor's, master's, and Ph.D. degrees"
2007,Computer Science / Engineering,128,0.10098522167487685,0.03571428571428571,0.0967741935483871,"Extension Services, Academic Alliance","Bachelor's, master's, and Ph.D. degrees"
2008,Computer Science / Engineering,128,0.18032786885245902,0.043478260869565216,0.17223650385604114,"Extension Services, Academic Alliance","Bachelor's, master's, and Ph.D. degrees"
2009,Computer Science / Engineering,128,0.21657754010695188,0.15789473684210525,0.21374045801526717,"Extension Services, Academic Alliance","Bachelor's, master's, and Ph.D. degrees"
2011,CS and/or Eng Multiple Majors (data submitted in aggregation),88,0.002098635886673662,0.0,0.00186219739292365,"Extension Services, Academic Alliance","Bachelor's, master's, and Ph.D. degrees"
2012,CS and/or Eng Multiple Majors (data submitted in aggregation),88,0.00099601593625498,0.0,0.000881057268722467,"Extension Services, Academic Alliance","Bachelor's, master's, and Ph.D. degrees"
2013,CS and/or Eng Multiple Majors (data submitted in aggregation),88,0.0,0.0,0.0,"Extension Services, Academic Alliance","Bachelor's, master's, and Ph.D. degrees"
2014,CS and/or Eng Multiple Majors (data submitted in aggregation),88,0.0008944543828264759,0.0,0.0007849293563579278,"Extension Services, Academic Alliance","Bachelor's, master's, and Ph.D. degrees"
2013,CS and/or Eng Multiple Majors (data submitted in aggregation),430,0.07279411764705883,0.04054054054054054,0.06702898550724638,"Extension Services, Academic Alliance","Bachelor's, master's, and Ph.D. degrees"
2012,CS and/or Eng Multiple Majors (data submitted in aggregation),430,0.07482305358948432,0.07441860465116279,0.07475083056478406,"Extension Services, Academic Alliance","Bachelor's, master's, and Ph.D. degrees"
2011,CS and/or Eng Multiple Majors (data submitted in aggregation),430,0.0825,0.08024691358024691,0.08212058212058213,"Extension Services, Academic Alliance","Bachelor's, master's, and Ph.D. degrees"
2010,CS and/or Eng Multiple Majors (data submitted in aggregation),430,0.08602150537634409,0.03676470588235294,0.07750952986022872,"Extension Services, Academic Alliance","Bachelor's, master's, and Ph.D. degrees"
2009,CS and/or Eng Multiple Majors (data submitted in aggregation),430,0.07734806629834254,0.05263157894736842,0.07366771159874608,"Extension Services, Academic Alliance","Bachelor's, master's, and Ph.D. degrees"
2008,CS and/or Eng Multiple Majors (data submitted in aggregation),430,0.08061420345489444,0.024691358024691357,0.07308970099667775,"Extension Services, Academic Alliance","Bachelor's, master's, and Ph.D. degrees"
2007,CS and/or Eng Multiple Majors (data submitted in aggregation),430,0.059726962457337884,0.07142857142857142,0.06140350877192982,"Extension Services, Academic Alliance","Bachelor's, master's, and Ph.D. degrees"
2006,CS and/or Eng Multiple Majors (data submitted in aggregation),430,0.0818452380952381,0.057692307692307696,0.07860824742268041,"Extension Services, Academic Alliance","Bachelor's, master's, and Ph.D. degrees"
2005,CS and/or Eng Multiple Majors (data submitted in aggregation),430,0.05623471882640587,0.05185185185185185,0.055613850996852045,"Extension Services, Academic Alliance","Bachelor's, master's, and Ph.D. degrees"
2004,CS and/or Eng Multiple Majors (data submitted in aggregation),430,0.06976744186046512,0.043478260869565216,0.06531738730450783,"Extension Services, Academic Alliance","Bachelor's, master's, and Ph.D. degrees"
2012,CS and/or Eng Multiple Majors (data submitted in aggregation),456,0.06896551724137931,0.2,0.10256410256410256,"Extension Services, Academic Alliance",Bachelor's and master's degrees only
2013,CS and/or Eng Multiple Majors (data submitted in aggregation),456,0.6666666666666666,0.25,0.5217391304347826,"Extension Services, Academic Alliance",Bachelor's and master's degrees only
2013,CS and/or Eng Multiple Majors (data submitted in aggregation),370,0.4158415841584158,0.16279069767441862,0.37142857142857144,"Extension Services, Academic Alliance",Bachelor's and master's degrees only
2012,CS and/or Eng Multiple Majors (data submitted in aggregation),370,0.185,0.34,0.216,"Extension Services, Academic Alliance",Bachelor's and master's degrees only
2011,CS and/or Eng Multiple Majors (data submitted in aggregation),370,0.4025974025974026,0.40540540540540543,0.4031413612565445,"Extension Services, Academic Alliance",Bachelor's and master's degrees only
2010,CS and/or Eng Multiple Majors (data submitted in aggregation),370,0.24475524475524477,0.3548387096774194,0.26436781609195403,"Extension Services, Academic Alliance",Bachelor's and master's degrees only
2004,CS and/or Eng Multiple Majors (data submitted in aggregation),68,0.07247437774524158,0.03345724907063197,0.06605504587155964,"Extension Services, Academic Alliance","Bachelor's, master's, and Ph.D. degrees"
2005,CS and/or Eng Multiple Majors (data submitted in aggregation),68,0.0989492119089317,0.06857142857142857,0.09491268033409264,"Extension Services, Academic Alliance","Bachelor's, master's, and Ph.D. degrees"
2006,CS and/or Eng Multiple Majors (data submitted in aggregation),68,0.08823529411764706,0.058333333333333334,0.0846613545816733,"Extension Services, Academic Alliance","Bachelor's, master's, and Ph.D. degrees"
2007,CS and/or Eng Multiple Majors (data submitted in aggregation),68,0.10756972111553785,0.11224489795918367,0.10810810810810811,"Extension Services, Academic Alliance","Bachelor's, master's, and Ph.D. degrees"
2008,CS and/or Eng Multiple Majors (data submitted in aggregation),68,0.07715582450832073,0.08080808080808081,0.07763157894736843,"Extension Services, Academic Alliance","Bachelor's, master's, and Ph.D. degrees"
2009,CS and/or Eng Multiple Majors (data submitted in aggregation),68,0.0970724191063174,0.1111111111111111,0.09921671018276762,"Extension Services, Academic Alliance","Bachelor's, master's, and Ph.D. degrees"
2010,CS and/or Eng Multiple Majors (data submitted in aggregation),68,0.11544461778471139,0.07575757575757576,0.10866752910737387,"Extension Services, Academic Alliance","Bachelor's, master's, and Ph.D. degrees"
2011,CS and/or Eng Multiple Majors (data submitted in aggregation),68,0.08422664624808576,0.06578947368421052,0.08074534161490683,"Extension Services, Academic Alliance","Bachelor's, master's, and Ph.D. degrees"
2012,CS and/or Eng Multiple Majors (data submitted in aggregation),68,0.10158311345646438,0.07853403141361257,0.09694415173867228,"Extension Services, Academic Alliance","Bachelor's, master's, and Ph.D. degrees"
2013,CS and/or Eng Multiple Majors (data submitted in aggregation),68,0.12486187845303867,0.11153846153846154,0.12188841201716738,"Extension Services, Academic Alliance","Bachelor's, master's, and Ph.D. degrees"
2014,CS and/or Eng Multiple Majors (data submitted in aggregation),68,0.1492063492063492,0.12694300518134716,0.14398541919805588,"Extension Services, Academic Alliance","Bachelor's, master's, and Ph.D. degrees"
2015,CS and/or Eng Multiple Majors (data submitted in aggregation),68,0.09050911376492772,0.05063291139240506,0.08135593220338982,"Extension Services, Academic Alliance","Bachelor's, master's, and Ph.D. degrees"
2010,CS and/or Eng Multiple Majors (data submitted in aggregation),110,0.09881422924901186,0.0821917808219178,0.09671848013816926,"Extension Services, Academic Alliance","Bachelor's, master's, and Ph.D. degrees"
2011,CS and/or Eng Multiple Majors (data submitted in aggregation),110,0.10869565217391304,0.0625,0.10324483775811209,"Extension Services, Academic Alliance","Bachelor's, master's, and Ph.D. degrees"
2012,CS and/or Eng Multiple Majors (data submitted in aggregation),110,0.10625909752547306,0.054945054945054944,0.10025706940874037,"Extension Services, Academic Alliance","Bachelor's, master's, and Ph.D. degrees"
2013,CS and/or Eng Multiple Majors (data submitted in aggregation),110,0.10133333333333333,0.061224489795918366,0.09669811320754718,"Extension Services, Academic Alliance","Bachelor's, master's, and Ph.D. degrees"
2014,CS and/or Eng Multiple Majors (data submitted in aggregation),110,0.05562273276904474,0.009174311926605505,0.050213675213675216,"Extension Services, Academic Alliance","Bachelor's, master's, and Ph.D. degrees"
2015,CS and/or Eng Multiple Majors (data submitted in aggregation),110,0.08433734939759036,0.09302325581395349,0.08533333333333333,"Extension Services, Academic Alliance","Bachelor's, master's, and Ph.D. degrees"
2011,CS and/or Eng Multiple Majors (data submitted in aggregation),205,0.3564356435643564,0.3090909090909091,0.33974358974358976,"Extension Services, Academic Alliance","Bachelor's, master's, and Ph.D. degrees"
2012,CS and/or Eng Multiple Majors (data submitted in aggregation),205,0.2868217054263566,0.23809523809523808,0.2708333333333333,"Extension Services, Academic Alliance","Bachelor's, master's, and Ph.D. degrees"
2013,CS and/or Eng Multiple Majors (data submitted in aggregation),205,0.37037037037037035,0.19298245614035087,0.3177083333333333,"Extension Services, Academic Alliance","Bachelor's, master's, and Ph.D. degrees"
2014,CS and/or Eng Multiple Majors (data submitted in aggregation),205,0.21568627450980393,0.2692307692307692,0.22926829268292684,"Extension Services, Academic Alliance","Bachelor's, master's, and Ph.D. degrees"
2015,CS and/or Eng Multiple Majors (data submitted in aggregation),205,0.2597402597402597,0.2857142857142857,0.2660098522167488,"Extension Services, Academic Alliance","Bachelor's, master's, and Ph.D. degrees"
2010,Applied Information Technology,85,0.060790273556231005,0.06521739130434782,0.06155778894472362,"Extension Services, Academic Alliance","Bachelor's, master's, and Ph.D. degrees"
2011,Applied Information Technology,85,0.08100558659217877,0.08333333333333333,0.08144796380090498,"Extension Services, Academic Alliance","Bachelor's, master's, and Ph.D. degrees"
2012,Applied Information Technology,85,0.07178841309823678,0.07065217391304347,0.07157464212678936,"Extension Services, Academic Alliance",Bachelor's and master's degrees only
2008,Information Technology,114,0.0,0.0,0.0,"Extension Services, Academic Alliance","Bachelor's, master's, and Ph.D. degrees"
2005,Information Technology,435,0.1396508728179551,0.13,0.1385809312638581,"Extension Services, Academic Alliance","Bachelor's, master's, and Ph.D. degrees"
2006,Information Technology,435,0.15021459227467812,0.13580246913580246,0.14871794871794872,"Extension Services, Academic Alliance","Bachelor's, master's, and Ph.D. degrees"
2007,Information Technology,435,0.20481927710843373,0.07792207792207792,0.19163292847503374,"Extension Services, Academic Alliance","Bachelor's, master's, and Ph.D. degrees"
2009,Information Technology,361,0.14906832298136646,0.10526315789473684,0.14444444444444443,"Extension Services, Academic Alliance","Bachelor's, master's, and Ph.D. degrees"
2010,Information Technology,361,0.14782608695652175,0.2777777777777778,0.15725806451612903,"Extension Services, Academic Alliance","Bachelor's, master's, and Ph.D. degrees"
2011,Information Technology,361,0.16141732283464566,0.2222222222222222,0.16725978647686832,"Extension Services, Academic Alliance","Bachelor's, master's, and Ph.D. degrees"
2012,Information Technology,361,0.13218390804597702,0.18181818181818182,0.13648293963254593,"Extension Services, Academic Alliance","Bachelor's, master's, and Ph.D. degrees"
2013,Information Technology,361,0.9273255813953488,1.0,0.935064935064935,"Extension Services, Academic Alliance","Bachelor's, master's, and Ph.D. degrees"
2013,Applied Information Technology,85,0.08133971291866028,0.0425531914893617,0.07421875,"Extension Services, Academic Alliance",Bachelor's and master's degrees only
2011,Information Technology,238,0.08235294117647059,0.2,0.09473684210526316,"Extension Services, Academic Alliance","Bachelor's, master's, and Ph.D. degrees"
2012,Information Technology,238,0.1323529411764706,0.06666666666666667,0.12048192771084337,"Extension Services, Academic Alliance","Bachelor's, master's, and Ph.D. degrees"
2013,Information Technology,238,0.06666666666666667,0.0,0.05952380952380952,"Extension Services, Academic Alliance","Bachelor's, master's, and Ph.D. degrees"
2015,Information Technology,216,0.6595744680851063,0.6111111111111112,0.6540880503144654,"Extension Services, Academic Alliance","Bachelor's, master's, and Ph.D. degrees"
2014,Information Technology,238,0.11666666666666667,0.0,0.1,"Extension Services, Academic Alliance","Bachelor's, master's, and Ph.D. degrees"
2015,Information Technology,238,0.1,0.21428571428571427,0.11702127659574468,"Extension Services, Academic Alliance","Bachelor's, master's, and Ph.D. degrees"
2012,Information Technology,249,0.09191176470588236,0.06976744186046512,0.08888888888888889,"Extension Services, Academic Alliance","Bachelor's, master's, and Ph.D. degrees"
2013,Information Technology,249,0.08058608058608059,0.08163265306122448,0.08074534161490683,"Extension Services, Academic Alliance","Bachelor's, master's, and Ph.D. degrees"
2014,Information Technology,249,0.07331378299120235,0.09859154929577464,0.07766990291262135,"Extension Services, Academic Alliance","Bachelor's, master's, and Ph.D. degrees"
2015,Information Technology,249,0.06493506493506493,0.06666666666666667,0.06521739130434782,"Extension Services, Academic Alliance","Bachelor's, master's, and Ph.D. degrees"
2012,Information Technology,216,0.23636363636363636,0.11538461538461539,0.21323529411764705,"Extension Services, Academic Alliance","Bachelor's, master's, and Ph.D. degrees"
2013,Information Technology,216,0.2711864406779661,0.09090909090909091,0.24285714285714285,"Extension Services, Academic Alliance","Bachelor's, master's, and Ph.D. degrees"
2014,Information Technology,216,0.28169014084507044,0.1875,0.2721518987341772,"Extension Services, Academic Alliance","Bachelor's, master's, and Ph.D. degrees"
2006,Informatics,369,0.0,0.0,0.0,"Extension Services, Academic Alliance","Bachelor's, master's, and Ph.D. degrees"
2008,Mathematics and Computer Science,114,0.2,0.5,0.2857142857142857,"Extension Services, Academic Alliance","Bachelor's, master's, and Ph.D. degrees"
2005,Computer Science + X,424,0.11428571428571428,0.125,0.11627906976744186,"Extension Services, Academic Alliance","Bachelor's, master's, and Ph.D. degrees"
2006,Computer Science + X,424,0.09375,0.0,0.08108108108108109,"Extension Services, Academic Alliance","Bachelor's, master's, and Ph.D. degrees"
2007,Computer Science + X,424,0.09090909090909091,0.0,0.08333333333333333,"Extension Services, Academic Alliance","Bachelor's, master's, and Ph.D. degrees"
2012,Computer Science + X,64,0.062146892655367235,0.0,0.04059040590405904,"Extension Services, Academic Alliance","Bachelor's, master's, and Ph.D. degrees"
2013,Computer Science + X,64,0.0410958904109589,0.019801980198019802,0.032388663967611336,"Extension Services, Academic Alliance","Bachelor's, master's, and Ph.D. degrees"
2014,Computer Science + X,64,0.10077519379844961,0.058823529411764705,0.08225108225108226,"Extension Services, Academic Alliance","Bachelor's, master's, and Ph.D. degrees"
2015,Computer Science + X,64,0.11666666666666667,0.030303030303030304,0.0776255707762557,"Extension Services, Academic Alliance","Bachelor's, master's, and Ph.D. degrees"
2011,Computer Science + X,200,0.0223463687150838,0.03125,0.023696682464454975,"Extension Services, Academic Alliance","Bachelor's, master's, and Ph.D. degrees"
2012,Computer Science + X,200,0.036458333333333336,0.0,0.029166666666666667,"Extension Services, Academic Alliance","Bachelor's, master's, and Ph.D. degrees"
2013,Computer Science + X,200,0.04526748971193416,0.0,0.035256410256410256,"Extension Services, Academic Alliance","Bachelor's, master's, and Ph.D. degrees"
2014,Computer Science + X,200,0.02981029810298103,0.01652892561983471,0.026530612244897958,"Extension Services, Academic Alliance","Bachelor's, master's, and Ph.D. degrees"
2012,Computer Science + X,157,0.056338028169014086,0.18181818181818182,0.07317073170731707,"Extension Services, Academic Alliance","Bachelor's, master's, and Ph.D. degrees"
2013,Computer Science + X,157,0.0,0.0,0.0,"Extension Services, Academic Alliance","Bachelor's, master's, and Ph.D. degrees"
2015,Computer Science + X,157,0.2857142857142857,0.3333333333333333,0.3,"Extension Services, Academic Alliance","Bachelor's, master's, and Ph.D. degrees"
2012,Computer Science + X,112,0.1532258064516129,0.14285714285714285,0.15172413793103448,"Extension Services, Academic Alliance","Bachelor's, master's, and Ph.D. degrees"
2013,Computer Science + X,112,0.18120805369127516,0.16666666666666666,0.1791907514450867,"Extension Services, Academic Alliance","Bachelor's, master's, and Ph.D. degrees"
2014,Computer Science + X,112,0.2265193370165746,0.15555555555555556,0.21238938053097345,"Extension Services, Academic Alliance","Bachelor's, master's, and Ph.D. degrees"
2015,Computer Science + X,112,0.21333333333333335,0.18181818181818182,0.20618556701030927,"Extension Services, Academic Alliance","Bachelor's, master's, and Ph.D. degrees"
2012,Game Design,216,0.2180746561886051,0.06382978723404255,0.20503597122302158,"Extension Services, Academic Alliance","Bachelor's, master's, and Ph.D. degrees"
2013,Game Design,216,0.20702402957486138,0.06666666666666667,0.1962457337883959,"Extension Services, Academic Alliance","Bachelor's, master's, and Ph.D. degrees"
2014,Game Design,216,0.2845360824742268,0.225,0.28,"Extension Services, Academic Alliance","Bachelor's, master's, and Ph.D. degrees"
2015,Game Design,216,0.40239043824701193,0.42857142857142855,0.4047186932849365,"Extension Services, Academic Alliance","Bachelor's, master's, and Ph.D. degrees"
2015,Computer Science + X,216,0.3333333333333333,0.375,0.34210526315789475,"Extension Services, Academic Alliance","Bachelor's, master's, and Ph.D. degrees"
2014,Computer Science + X,216,0.30612244897959184,0.38461538461538464,0.3225806451612903,"Extension Services, Academic Alliance","Bachelor's, master's, and Ph.D. degrees"
2013,Computer Science + X,216,0.16666666666666666,0.3125,0.19736842105263158,"Extension Services, Academic Alliance","Bachelor's, master's, and Ph.D. degrees"
2012,Computer Science + X,216,0.22807017543859648,0.35714285714285715,0.2535211267605634,"Extension Services, Academic Alliance","Bachelor's, master's, and Ph.D. degrees"
2005,Information Science,424,0.13953488372093023,0.08571428571428572,0.12804878048780488,"Extension Services, Academic Alliance","Bachelor's, master's, and Ph.D. degrees"
2006,Information Science,424,0.17073170731707318,0.2,0.17567567567567569,"Extension Services, Academic Alliance","Bachelor's, master's, and Ph.D. degrees"
2007,Information Science,424,0.07207207207207207,0.125,0.08148148148148149,"Extension Services, Academic Alliance","Bachelor's, master's, and Ph.D. degrees"
2011,Information Science,200,0.02702702702702703,0.0,0.018518518518518517,"Extension Services, Academic Alliance","Bachelor's, master's, and Ph.D. degrees"
2012,Information Science,200,0.0,0.0,0.0,"Extension Services, Academic Alliance","Bachelor's, master's, and Ph.D. degrees"
2013,Information Science,200,0.0,0.0,0.0,"Extension Services, Academic Alliance","Bachelor's, master's, and Ph.D. degrees"
2014,Information Science,200,0.08333333333333333,0.0,0.04,"Extension Services, Academic Alliance","Bachelor's, master's, and Ph.D. degrees"
2014,Information Science,6,0.041935483870967745,0.057692307692307696,0.04419889502762431,"Extension Services, Academic Alliance","Bachelor's, master's, and Ph.D. degrees"
2015,Information Science,6,0.048109965635738834,0.041666666666666664,0.0471976401179941,"Extension Services, Academic Alliance","Bachelor's, master's, and Ph.D. degrees"
2009,Computer Information Systems,13,0.125,0.13333333333333333,0.12643678160919541,"Extension Services, Academic Alliance","Bachelor's, master's, and Ph.D. degrees"
2010,Computer Information Systems,13,0.13836477987421383,0.1388888888888889,0.13846153846153847,"Extension Services, Academic Alliance","Bachelor's, master's, and Ph.D. degrees"
2011,Computer Information Systems,13,0.1457286432160804,0.3142857142857143,0.17094017094017094,"Extension Services, Academic Alliance","Bachelor's, master's, and Ph.D. degrees"
2012,Computer Information Systems,13,0.7554585152838428,0.6229508196721312,0.7275862068965517,"Extension Services, Academic Alliance","Bachelor's, master's, and Ph.D. degrees"
2012,Computer Information Systems,216,0.23076923076923078,0.2777777777777778,0.23958333333333334,"Extension Services, Academic Alliance","Bachelor's, master's, and Ph.D. degrees"
2013,Computer Information Systems,216,0.18518518518518517,0.25,0.1958762886597938,"Extension Services, Academic Alliance","Bachelor's, master's, and Ph.D. degrees"
2014,Computer Information Systems,216,0.2647058823529412,0.35714285714285715,0.2804878048780488,"Extension Services, Academic Alliance","Bachelor's, master's, and Ph.D. degrees"
2006,Computer Science,54,0.1895424836601307,0.0975609756097561,0.182,"Extension Services, Academic Alliance",Bachelor's and master's degrees only
2007,Computer Science,54,0.1812366737739872,0.09090909090909091,0.17348927875243664,"Extension Services, Academic Alliance",Bachelor's and master's degrees only
2008,Computer Science,54,0.1973392461197339,0.11627906976744186,0.1902834008097166,"Extension Services, Academic Alliance",Bachelor's and master's degrees only
2009,Computer Science,54,0.1791767554479419,0.07142857142857142,0.16923076923076924,"Extension Services, Academic Alliance",Bachelor's and master's degrees only
2005,Computer Science,114,0.0,0.0,0.0,"Extension Services, Academic Alliance","Bachelor's, master's, and Ph.D. degrees"
2006,Computer Science,114,0.0,0.0,0.0,"Extension Services, Academic Alliance","Bachelor's, master's, and Ph.D. degrees"
2007,Computer Science,114,1.0,0.0,0.7777777777777778,"Extension Services, Academic Alliance","Bachelor's, master's, and Ph.D. degrees"
2008,Computer Science,114,0.125,0.0,0.11627906976744186,"Extension Services, Academic Alliance","Bachelor's, master's, and Ph.D. degrees"
2007,Computer Science,487,0.06266318537859007,0.11627906976744186,0.06807511737089202,"Extension Services, Academic Alliance","Bachelor's, master's, and Ph.D. degrees"
2008,Computer Science,487,0.013020833333333334,0.0,0.01182033096926714,"Extension Services, Academic Alliance","Bachelor's, master's, and Ph.D. degrees"
2009,Computer Science,487,0.0,0.0,0.0,"Extension Services, Academic Alliance","Bachelor's, master's, and Ph.D. degrees"
2010,Computer Science,487,0.00804289544235925,0.0,0.007407407407407408,"Extension Services, Academic Alliance","Bachelor's, master's, and Ph.D. degrees"
2011,Computer Science,487,0.002631578947368421,0.025,0.004761904761904762,"Extension Services, Academic Alliance","Bachelor's, master's, and Ph.D. degrees"
2005,Computer Science,29,0.0,0.0,0.0,"Extension Services, Academic Alliance","Bachelor's, master's, and Ph.D. degrees"
2006,Computer Science,29,0.0,0.0,0.0,"Extension Services, Academic Alliance","Bachelor's, master's, and Ph.D. degrees"
2007,Computer Science,29,0.0,0.0,0.0,"Extension Services, Academic Alliance","Bachelor's, master's, and Ph.D. degrees"
2005,Computer Science,435,0.08814589665653495,0.05555555555555555,0.08645533141210375,"Extension Services, Academic Alliance","Bachelor's, master's, and Ph.D. degrees"
2006,Computer Science,435,0.33962264150943394,0.1,0.3254437869822485,"Extension Services, Academic Alliance","Bachelor's, master's, and Ph.D. degrees"
2007,Computer Science,435,0.14345991561181434,0.17647058823529413,0.14496644295302014,"Extension Services, Academic Alliance","Bachelor's, master's, and Ph.D. degrees"
2004,Computer Science,72,0.10714285714285714,0.07692307692307693,0.10431654676258993,"Extension Services, Academic Alliance","Bachelor's, master's, and Ph.D. degrees"
2005,Computer Science,72,0.107981220657277,0.058823529411764705,0.10434782608695652,"Extension Services, Academic Alliance","Bachelor's, master's, and Ph.D. degrees"
2006,Computer Science,72,0.06622516556291391,0.0,0.0625,"Extension Services, Academic Alliance","Bachelor's, master's, and Ph.D. degrees"
2007,Computer Science,72,0.10569105691056911,0.25,0.11450381679389313,"Extension Services, Academic Alliance","Bachelor's, master's, and Ph.D. degrees"
2008,Computer Science,72,0.09090909090909091,0.15384615384615385,0.09655172413793103,"Extension Services, Academic Alliance","Bachelor's, master's, and Ph.D. degrees"
2009,Computer Science,72,0.07142857142857142,0.0,0.06474820143884892,"Extension Services, Academic Alliance","Bachelor's, master's, and Ph.D. degrees"
2010,Computer Science,72,0.13043478260869565,0.08333333333333333,0.12598425196850394,"Extension Services, Academic Alliance","Bachelor's, master's, and Ph.D. degrees"
2011,Computer Science,72,0.12598425196850394,0.1875,0.13286713286713286,"Extension Services, Academic Alliance","Bachelor's, master's, and Ph.D. degrees"
2012,Computer Science,72,0.08108108108108109,0.11764705882352941,0.08484848484848485,"Extension Services, Academic Alliance","Bachelor's, master's, and Ph.D. degrees"
2009,Computer Science,13,0.21311475409836064,0.2,0.2111111111111111,"Extension Services, Academic Alliance","Bachelor's, master's, and Ph.D. degrees"
2010,Computer Science,13,0.11488250652741515,0.13636363636363635,0.11804008908685969,"Extension Services, Academic Alliance","Bachelor's, master's, and Ph.D. degrees"
2011,Computer Science,13,0.18911917098445596,0.06060606060606061,0.17035398230088494,"Extension Services, Academic Alliance","Bachelor's, master's, and Ph.D. degrees"
2006,Computer Science,422,0.032432432432432434,0.017857142857142856,0.029045643153526972,"Extension Services, Academic Alliance","Bachelor's, master's, and Ph.D. degrees"
2007,Computer Science,422,0.028735632183908046,0.037037037037037035,0.03070175438596491,"Extension Services, Academic Alliance","Bachelor's, master's, and Ph.D. degrees"
2008,Computer Science,422,0.015706806282722512,0.0,0.012096774193548387,"Extension Services, Academic Alliance","Bachelor's, master's, and Ph.D. degrees"
2009,Computer Science,422,0.01762114537444934,0.014084507042253521,0.016778523489932886,"Extension Services, Academic Alliance","Bachelor's, master's, and Ph.D. degrees"
2010,Computer Science,422,0.004201680672268907,0.0,0.003236245954692557,"Extension Services, Academic Alliance","Bachelor's, master's, and Ph.D. degrees"
2004,Computer Science,287,0.03184713375796178,0.03225806451612903,0.031914893617021274,"Extension Services, Academic Alliance","Bachelor's, master's, and Ph.D. degrees"
2005,Computer Science,287,0.023076923076923078,0.043478260869565216,0.026143790849673203,"Extension Services, Academic Alliance","Bachelor's, master's, and Ph.D. degrees"
2006,Computer Science,287,0.08411214953271028,0.08333333333333333,0.08396946564885496,"Extension Services, Academic Alliance","Bachelor's, master's, and Ph.D. degrees"
2007,Computer Science,287,0.06956521739130435,0.05,0.06666666666666667,"Extension Services, Academic Alliance","Bachelor's, master's, and Ph.D. degrees"
2008,Computer Science,287,0.07547169811320754,0.045454545454545456,0.0703125,"Extension Services, Academic Alliance","Bachelor's, master's, and Ph.D. degrees"
2009,Computer Science,287,0.03636363636363636,0.03571428571428571,0.036231884057971016,"Extension Services, Academic Alliance","Bachelor's, master's, and Ph.D. degrees"
2010,Computer Science,287,0.07627118644067797,0.08333333333333333,0.07746478873239436,"Extension Services, Academic Alliance","Bachelor's, master's, and Ph.D. degrees"
2011,Computer Science,287,0.0975609756097561,0.1,0.09803921568627451,"Extension Services, Academic Alliance","Bachelor's, master's, and Ph.D. degrees"
2005,Computer Science,462,0.1509433962264151,0.1111111111111111,0.14782608695652175,"Extension Services, Academic Alliance","Bachelor's, master's, and Ph.D. degrees"
2006,Computer Science,462,0.21691176470588236,0.14285714285714285,0.21160409556313994,"Extension Services, Academic Alliance","Bachelor's, master's, and Ph.D. degrees"
2007,Computer Science,462,0.1779935275080906,0.16666666666666666,0.17737003058103976,"Extension Services, Academic Alliance","Bachelor's, master's, and Ph.D. degrees"
2005,Computer Science,131,0.03896103896103896,0.0,0.03389830508474576,"Extension Services, Academic Alliance","Bachelor's, master's, and Ph.D. degrees"
2006,Computer Science,131,0.06569343065693431,0.07407407407407407,0.06707317073170732,"Extension Services, Academic Alliance","Bachelor's, master's, and Ph.D. degrees"
2007,Computer Science,131,0.06818181818181818,0.03333333333333333,0.06172839506172839,"Extension Services, Academic Alliance","Bachelor's, master's, and Ph.D. degrees"
2006,Computer Science,412,0.0,0.0,0.0,"Extension Services, Academic Alliance","Bachelor's, master's, and Ph.D. degrees"
2007,Computer Science,412,0.0,0.0,0.0,"Extension Services, Academic Alliance","Bachelor's, master's, and Ph.D. degrees"
2008,Computer Science,412,0.0,0.0,0.0,"Extension Services, Academic Alliance","Bachelor's, master's, and Ph.D. degrees"
2009,Computer Science,361,0.1271393643031785,0.18181818181818182,0.13245033112582782,"Extension Services, Academic Alliance","Bachelor's, master's, and Ph.D. degrees"
2010,Computer Science,361,0.1211453744493392,0.1346153846153846,0.1225296442687747,"Extension Services, Academic Alliance","Bachelor's, master's, and Ph.D. degrees"
2011,Computer Science,361,0.10869565217391304,0.16363636363636364,0.1140819964349376,"Extension Services, Academic Alliance","Bachelor's, master's, and Ph.D. degrees"
2012,Computer Science,361,0.12436115843270869,0.25,0.13385826771653545,"Extension Services, Academic Alliance","Bachelor's, master's, and Ph.D. degrees"
2011,Computer Science,493,0.1273100616016427,0.07482993197278912,0.12042818911685994,"Extension Services, Academic Alliance","Bachelor's, master's, and Ph.D. degrees"
2012,Computer Science,493,0.1400343642611684,0.12432432432432433,0.13787991104521868,"Extension Services, Academic Alliance","Bachelor's, master's, and Ph.D. degrees"
2013,Computer Science,493,0.10921501706484642,0.11194029850746269,0.10963646855164455,"Extension Services, Academic Alliance","Bachelor's, master's, and Ph.D. degrees"
2014,Computer Science,493,0.08294117647058824,0.07848837209302326,0.0821917808219178,"Extension Services, Academic Alliance","Bachelor's, master's, and Ph.D. degrees"
2012,Computer Science,38,0.05106382978723404,0.058823529411764705,0.05204460966542751,"Extension Services, Academic Alliance","Bachelor's, master's, and Ph.D. degrees"
2013,Computer Science,38,0.08695652173913043,0.06349206349206349,0.08311688311688312,"Extension Services, Academic Alliance","Bachelor's, master's, and Ph.D. degrees"
2011,Computer Science,422,0.004405286343612335,0.013333333333333334,0.006622516556291391,"Extension Services, Academic Alliance","Bachelor's, master's, and Ph.D. degrees"
2012,Computer Science,422,0.012,0.0,0.009036144578313253,"Extension Services, Academic Alliance","Bachelor's, master's, and Ph.D. degrees"
2013,Computer Science,422,0.015479876160990712,0.008928571428571428,0.013793103448275862,"Extension Services, Academic Alliance","Bachelor's, master's, and Ph.D. degrees"
2014,Computer Science,422,0.011111111111111112,0.007633587786259542,0.010183299389002037,"Extension Services, Academic Alliance","Bachelor's, master's, and Ph.D. degrees"
2008,Computer Science,117,0.16831683168316833,0.11904761904761904,0.16367713004484305,"Extension Services, Academic Alliance","Bachelor's, master's, and Ph.D. degrees"
2009,Computer Science,117,0.13839285714285715,0.15,0.13934426229508196,"Extension Services, Academic Alliance","Bachelor's, master's, and Ph.D. degrees"
2010,Computer Science,117,0.1373873873873874,0.1320754716981132,0.13682092555331993,"Extension Services, Academic Alliance","Bachelor's, master's, and Ph.D. degrees"
2011,Computer Science,117,0.1944990176817289,0.14754098360655737,0.18947368421052632,"Extension Services, Academic Alliance","Bachelor's, master's, and Ph.D. degrees"
2012,Computer Science,117,0.17891373801916932,0.16901408450704225,0.17790530846484937,"Extension Services, Academic Alliance","Bachelor's, master's, and Ph.D. degrees"
2013,Computer Science,117,0.16838046272493573,0.11818181818181818,0.16216216216216217,"Extension Services, Academic Alliance","Bachelor's, master's, and Ph.D. degrees"
2013,Computer Science,72,0.10828025477707007,0.0,0.09659090909090909,"Extension Services, Academic Alliance","Bachelor's, master's, and Ph.D. degrees"
2014,Computer Science,72,0.12941176470588237,0.1,0.12631578947368421,"Extension Services, Academic Alliance","Bachelor's, master's, and Ph.D. degrees"
2012,Computer Science,487,0.012345679012345678,0.0,0.010917030567685589,"Extension Services, Academic Alliance","Bachelor's, master's, and Ph.D. degrees"
2013,Computer Science,487,0.006211180124223602,0.0,0.005494505494505495,"Extension Services, Academic Alliance","Bachelor's, master's, and Ph.D. degrees"
2014,Computer Science,487,0.010714285714285714,0.0,0.009404388714733543,"Extension Services, Academic Alliance","Bachelor's, master's, and Ph.D. degrees"
2012,Computer Science,319,0.08603896103896104,0.09090909090909091,0.08651026392961877,"Extension Services, Academic Alliance","Bachelor's, master's, and Ph.D. degrees"
2013,Computer Science,319,0.08848314606741572,0.04,0.08386277001270648,"Extension Services, Academic Alliance","Bachelor's, master's, and Ph.D. degrees"
2014,Computer Science,319,0.06382978723404255,0.0759493670886076,0.06492027334851937,"Extension Services, Academic Alliance","Bachelor's, master's, and Ph.D. degrees"
2009,Computer Science,26,0.007874015748031496,0.012048192771084338,0.008902077151335312,"Extension Services, Academic Alliance","Bachelor's, master's, and Ph.D. degrees"
2013,Computer Science,26,0.01079136690647482,0.009345794392523364,0.01038961038961039,"Extension Services, Academic Alliance","Bachelor's, master's, and Ph.D. degrees"
2014,Computer Science,194,0.11467889908256881,0.058823529411764705,0.11063829787234042,"Extension Services, Academic Alliance","Bachelor's, master's, and Ph.D. degrees"
2010,Computer Science,194,0.16097560975609757,0.16666666666666666,0.1615720524017467,"Extension Services, Academic Alliance","Bachelor's, master's, and Ph.D. degrees"
2011,Computer Science,194,0.13,0.037037037037037035,0.11894273127753303,"Extension Services, Academic Alliance","Bachelor's, master's, and Ph.D. degrees"
2011,Computer Science,500,0.04838709677419355,0.0,0.0449438202247191,"Extension Services, Academic Alliance","Bachelor's, master's, and Ph.D. degrees"
2010,Computer Science,346,0.5217391304347826,0.14285714285714285,0.4716981132075472,"Extension Services, Academic Alliance","Bachelor's, master's, and Ph.D. degrees"
2013,Computer Science,346,0.12857142857142856,0.09090909090909091,0.12345679012345678,"Extension Services, Academic Alliance","Bachelor's, master's, and Ph.D. degrees"
2014,Computer Science,346,0.12745098039215685,0.0,0.10569105691056911,"Extension Services, Academic Alliance","Bachelor's, master's, and Ph.D. degrees"
2014,Computer Science,75,0.17647058823529413,0.0,0.14634146341463414,"Extension Services, Academic Alliance",Bachelor's and master's degrees only
2013,Computer Science,75,0.2608695652173913,0.0,0.23076923076923078,"Extension Services, Academic Alliance",Bachelor's and master's degrees only
2012,Computer Science,75,0.15789473684210525,0.0,0.13043478260869565,"Extension Services, Academic Alliance",Bachelor's and master's degrees only
2010,Computer Science,75,0.15,0.0,0.14285714285714285,"Extension Services, Academic Alliance",Bachelor's and master's degrees only
2014,Computer Science,373,0.14146341463414633,0.10714285714285714,0.13733905579399142,"Extension Services, Academic Alliance","Bachelor's, master's, and Ph.D. degrees"
2013,Computer Science,373,0.10909090909090909,0.125,0.11049723756906077,"Extension Services, Academic Alliance","Bachelor's, master's, and Ph.D. degrees"
2012,Computer Science,373,0.05223880597014925,0.2857142857142857,0.07432432432432433,"Extension Services, Academic Alliance","Bachelor's, master's, and Ph.D. degrees"
2014,Computer Science,41,0.1603563474387528,0.12121212121212122,0.1553398058252427,"Extension Services, Academic Alliance","Bachelor's, master's, and Ph.D. degrees"
2013,Computer Science,41,0.12569832402234637,0.08196721311475409,0.11933174224343675,"Extension Services, Academic Alliance","Bachelor's, master's, and Ph.D. degrees"
2012,Computer Science,41,0.07272727272727272,0.08695652173913043,0.07446808510638298,"Extension Services, Academic Alliance","Bachelor's, master's, and Ph.D. degrees"
2011,Computer Science,41,0.14381270903010032,0.1282051282051282,0.14201183431952663,"Extension Services, Academic Alliance","Bachelor's, master's, and Ph.D. degrees"
2014,Computer Science,46,0.12371134020618557,0.2222222222222222,0.1391304347826087,"Extension Services, Academic Alliance","Bachelor's, master's, and Ph.D. degrees"
2013,Computer Science,46,0.17391304347826086,0.125,0.16470588235294117,"Extension Services, Academic Alliance","Bachelor's, master's, and Ph.D. degrees"
2012,Computer Science,46,0.10526315789473684,0.15384615384615385,0.11428571428571428,"Extension Services, Academic Alliance","Bachelor's, master's, and Ph.D. degrees"
2011,Computer Science,46,0.038461538461538464,1.0,0.09090909090909091,"Extension Services, Academic Alliance","Bachelor's, master's, and Ph.D. degrees"
2011,Computer Science,489,0.3283582089552239,0.13636363636363635,0.3094170403587444,"Extension Services, Academic Alliance","Bachelor's, master's, and Ph.D. degrees"
2012,Computer Science,489,0.23660714285714285,0.30434782608695654,0.242914979757085,"Extension Services, Academic Alliance","Bachelor's, master's, and Ph.D. degrees"
2013,Computer Science,489,0.26422764227642276,0.2,0.2572463768115942,"Extension Services, Academic Alliance","Bachelor's, master's, and Ph.D. degrees"
2014,Computer Science,489,0.3448275862068966,0.25,0.3375796178343949,"Extension Services, Academic Alliance","Bachelor's, master's, and Ph.D. degrees"
2011,Computer Science,238,0.17582417582417584,0.23076923076923078,0.18269230769230768,"Extension Services, Academic Alliance","Bachelor's, master's, and Ph.D. degrees"
2012,Computer Science,238,0.16071428571428573,0.23076923076923078,0.168,"Extension Services, Academic Alliance","Bachelor's, master's, and Ph.D. degrees"
2013,Computer Science,238,0.16153846153846155,0.2,0.16666666666666666,"Extension Services, Academic Alliance","Bachelor's, master's, and Ph.D. degrees"
2013,Computer Science,194,0.1261682242990654,0.05263157894736842,0.12017167381974249,"Extension Services, Academic Alliance","Bachelor's, master's, and Ph.D. degrees"
2012,Computer Science,194,0.1724137931034483,0.11764705882352941,0.16818181818181818,"Extension Services, Academic Alliance","Bachelor's, master's, and Ph.D. degrees"
2014,Computer Science,469,0.04337899543378995,0.03278688524590164,0.04208416833667335,"Extension Services, Academic Alliance","Bachelor's, master's, and Ph.D. degrees"
2015,Computer Science,194,0.1206896551724138,0.2777777777777778,0.132,"Extension Services, Academic Alliance","Bachelor's, master's, and Ph.D. degrees"
2012,Computer Science,64,0.06290115532734275,0.07339449541284404,0.06418918918918919,"Extension Services, Academic Alliance","Bachelor's, master's, and Ph.D. degrees"
2013,Computer Science,64,0.059447983014861996,0.060810810810810814,0.05963302752293578,"Extension Services, Academic Alliance","Bachelor's, master's, and Ph.D. degrees"
2014,Computer Science,64,0.04899135446685879,0.03349282296650718,0.0464,"Extension Services, Academic Alliance","Bachelor's, master's, and Ph.D. degrees"
2015,Computer Science,64,0.06072874493927125,0.04727272727272727,0.05827814569536424,"Extension Services, Academic Alliance","Bachelor's, master's, and Ph.D. degrees"
2011,Computer Science,324,0.08571428571428572,0.06666666666666667,0.08292682926829269,"Extension Services, Academic Alliance","Bachelor's, master's, and Ph.D. degrees"
2012,Computer Science,324,0.12562814070351758,0.12903225806451613,0.12608695652173912,"Extension Services, Academic Alliance","Bachelor's, master's, and Ph.D. degrees"
2013,Computer Science,324,0.08888888888888889,0.0967741935483871,0.08984375,"Extension Services, Academic Alliance","Bachelor's, master's, and Ph.D. degrees"
2014,Computer Science,324,0.10407239819004525,0.09375,0.10276679841897234,"Extension Services, Academic Alliance","Bachelor's, master's, and Ph.D. degrees"
2012,Computer Science,500,0.04417670682730924,0.0,0.03914590747330961,"Extension Services, Academic Alliance","Bachelor's, master's, and Ph.D. degrees"
2013,Computer Science,500,0.029801324503311258,0.0,0.026470588235294117,"Extension Services, Academic Alliance","Bachelor's, master's, and Ph.D. degrees"
2014,Computer Science,500,0.06914893617021277,0.0425531914893617,0.06619385342789598,"Extension Services, Academic Alliance","Bachelor's, master's, and Ph.D. degrees"
2014,Computer Science,38,0.06511627906976744,0.037383177570093455,0.0595903165735568,"Extension Services, Academic Alliance","Bachelor's, master's, and Ph.D. degrees"
2011,Computer Science,490,0.1328125,0.12121212121212122,0.1314878892733564,"Extension Services, Academic Alliance","Bachelor's, master's, and Ph.D. degrees"
2012,Computer Science,490,0.1576923076923077,0.18518518518518517,0.1602787456445993,"Extension Services, Academic Alliance","Bachelor's, master's, and Ph.D. degrees"
2013,Computer Science,490,0.14012738853503184,0.34210526315789475,0.16193181818181818,"Extension Services, Academic Alliance","Bachelor's, master's, and Ph.D. degrees"
2014,Computer Science,490,0.11917098445595854,0.16326530612244897,0.12413793103448276,"Extension Services, Academic Alliance","Bachelor's, master's, and Ph.D. degrees"
2015,Computer Science,373,0.125,0.0975609756097561,0.12131147540983607,"Extension Services, Academic Alliance","Bachelor's, master's, and Ph.D. degrees"
2015,Computer Science,346,0.11507936507936507,0.12903225806451613,0.1178343949044586,"Extension Services, Academic Alliance","Bachelor's, master's, and Ph.D. degrees"
2015,Computer Science,75,0.20588235294117646,0.0,0.175,"Extension Services, Academic Alliance",Bachelor's and master's degrees only
2015,Computer Science,72,0.06451612903225806,0.029411764705882353,0.05976095617529881,"Extension Services, Academic Alliance","Bachelor's, master's, and Ph.D. degrees"
2015,Computer Science,324,0.09649122807017543,0.05263157894736842,0.09022556390977443,"Extension Services, Academic Alliance","Bachelor's, master's, and Ph.D. degrees"
2012,Computer Science,157,0.0843520782396088,0.03529411764705882,0.07973421926910298,"Extension Services, Academic Alliance","Bachelor's, master's, and Ph.D. degrees"
2013,Computer Science,157,0.06362672322375397,0.06976744186046512,0.0641399416909621,"Extension Services, Academic Alliance","Bachelor's, master's, and Ph.D. degrees"
2014,Computer Science,157,0.05430327868852459,0.0390625,0.05253623188405797,"Extension Services, Academic Alliance","Bachelor's, master's, and Ph.D. degrees"
2015,Computer Science,157,0.11031664964249234,0.08163265306122448,0.10553191489361702,"Extension Services, Academic Alliance","Bachelor's, master's, and Ph.D. degrees"
2015,Computer Science,489,0.26517571884984026,0.23809523809523808,0.2619718309859155,"Extension Services, Academic Alliance","Bachelor's, master's, and Ph.D. degrees"
2015,Computer Science,216,0.5417439703153989,0.5555555555555556,0.5435483870967742,"Extension Services, Academic Alliance","Bachelor's, master's, and Ph.D. degrees"
2014,Computer Science,238,0.17692307692307693,0.23076923076923078,0.1858974358974359,"Extension Services, Academic Alliance","Bachelor's, master's, and Ph.D. degrees"
2015,Computer Science,238,0.18023255813953487,0.20689655172413793,0.18407960199004975,"Extension Services, Academic Alliance","Bachelor's, master's, and Ph.D. degrees"
2011,Computer Science (BS),336,0.07384615384615385,0.030303030303030304,0.06983240223463687,"Extension Services, Academic Alliance","Bachelor's, master's, and Ph.D. degrees"
2012,Computer Science (BS),336,0.05309734513274336,0.030303030303030304,0.051075268817204304,"Extension Services, Academic Alliance","Bachelor's, master's, and Ph.D. degrees"
2013,Computer Science (BS),336,0.052941176470588235,0.08333333333333333,0.05585106382978723,"Extension Services, Academic Alliance","Bachelor's, master's, and Ph.D. degrees"
2015,Computer Science,46,0.1678832116788321,0.125,0.16149068322981366,"Extension Services, Academic Alliance","Bachelor's, master's, and Ph.D. degrees"
2015,Computer Science,41,0.24151696606786427,0.3333333333333333,0.25177304964539005,"Extension Services, Academic Alliance","Bachelor's, master's, and Ph.D. degrees"
2015,Computer Science,500,0.04975922953451043,0.03409090909090909,0.04781997187060478,"Extension Services, Academic Alliance","Bachelor's, master's, and Ph.D. degrees"
2012,Computer Science,249,0.10033444816053512,0.12195121951219512,0.10294117647058823,"Extension Services, Academic Alliance","Bachelor's, master's, and Ph.D. degrees"
2013,Computer Science,249,0.090625,0.20512820512820512,0.10306406685236769,"Extension Services, Academic Alliance","Bachelor's, master's, and Ph.D. degrees"
2014,Computer Science,249,0.10049019607843138,0.10909090909090909,0.10151187904967603,"Extension Services, Academic Alliance","Bachelor's, master's, and Ph.D. degrees"
2015,Computer Science,249,0.082039911308204,0.09230769230769231,0.08333333333333333,"Extension Services, Academic Alliance","Bachelor's, master's, and Ph.D. degrees"
2012,Computer Science,216,0.2185792349726776,0.15789473684210525,0.21040189125295508,"Extension Services, Academic Alliance","Bachelor's, master's, and Ph.D. degrees"
2013,Computer Science,216,0.22119815668202766,0.2571428571428571,0.2261904761904762,"Extension Services, Academic Alliance","Bachelor's, master's, and Ph.D. degrees"
2014,Computer Science,216,0.2645739910313901,0.21794871794871795,0.25763358778625955,"Extension Services, Academic Alliance","Bachelor's, master's, and Ph.D. degrees"
2014,Computer Science,6,0.09310761789600967,0.10576923076923077,0.09452201933404941,"Extension Services, Academic Alliance","Bachelor's, master's, and Ph.D. degrees"
2015,Computer Science,6,0.08404255319148936,0.04411764705882353,0.07899628252788105,"Extension Services, Academic Alliance","Bachelor's, master's, and Ph.D. degrees"
2005,Computer Science (BS),424,0.06818181818181818,0.0,0.06,"Extension Services, Academic Alliance","Bachelor's, master's, and Ph.D. degrees"
2006,Computer Science (BS),424,0.5,0.5,0.5,"Extension Services, Academic Alliance","Bachelor's, master's, and Ph.D. degrees"
2007,Computer Science (BS),424,0.13157894736842105,0.16666666666666666,0.13636363636363635,"Extension Services, Academic Alliance","Bachelor's, master's, and Ph.D. degrees"
2011,Computer Science (BS),182,0.12105263157894737,0.09375,0.11711711711711711,"Extension Services, Academic Alliance","Bachelor's, master's, and Ph.D. degrees"
2012,Computer Science (BS),182,0.09523809523809523,0.07317073170731707,0.09163346613545817,"Extension Services, Academic Alliance","Bachelor's, master's, and Ph.D. degrees"
2013,Computer Science (BS),182,0.040892193308550186,0.11627906976744186,0.05128205128205128,"Extension Services, Academic Alliance","Bachelor's, master's, and Ph.D. degrees"
2014,Computer Science (BS),182,0.11355311355311355,0.0625,0.1059190031152648,"Extension Services, Academic Alliance","Bachelor's, master's, and Ph.D. degrees"
2011,Computer Science (BS),146,0.0,0.0,0.0,"Extension Services, Academic Alliance","Bachelor's, master's, and Ph.D. degrees"
2012,Computer Science (BS),146,0.0,0.0,0.0,"Extension Services, Academic Alliance","Bachelor's, master's, and Ph.D. degrees"
2013,Computer Science (BS),146,0.0,0.0,0.0,"Extension Services, Academic Alliance","Bachelor's, master's, and Ph.D. degrees"
2014,Computer Science (BS),146,0.0,0.0,0.0,"Extension Services, Academic Alliance","Bachelor's, master's, and Ph.D. degrees"
2014,Computer Science (BS),475,0.0,0.0,0.0,"Extension Services, Academic Alliance","Bachelor's, master's, and Ph.D. degrees"
2013,Computer Science (BS),475,0.0,0.04,0.0078125,"Extension Services, Academic Alliance","Bachelor's, master's, and Ph.D. degrees"
2012,Computer Science (BS),475,0.0,0.0,0.0,"Extension Services, Academic Alliance","Bachelor's, master's, and Ph.D. degrees"
2011,Computer Science (BS),475,0.0,0.0,0.0,"Extension Services, Academic Alliance","Bachelor's, master's, and Ph.D. degrees"
2015,Computer Science (BS),475,0.0,0.0,0.0,"Extension Services, Academic Alliance","Bachelor's, master's, and Ph.D. degrees"
2015,Computer Science (BS),146,0.0,0.0,0.0,"Extension Services, Academic Alliance","Bachelor's, master's, and Ph.D. degrees"
2005,Computer Science (BA),424,0.25925925925925924,0.5,0.296875,"Extension Services, Academic Alliance","Bachelor's, master's, and Ph.D. degrees"
2006,Computer Science (BA),424,0.37735849056603776,0.1111111111111111,0.3387096774193548,"Extension Services, Academic Alliance","Bachelor's, master's, and Ph.D. degrees"
2007,Computer Science (BA),424,0.2,0.6666666666666666,0.2459016393442623,"Extension Services, Academic Alliance","Bachelor's, master's, and Ph.D. degrees"
2007,Computer Science (BA),131,0.2222222222222222,0.0,0.16666666666666666,"Extension Services, Academic Alliance","Bachelor's, master's, and Ph.D. degrees"
2008,Computer Science (BA),131,0.0,0.0,0.0,"Extension Services, Academic Alliance","Bachelor's, master's, and Ph.D. degrees"
2014,Computer Science (BA),182,0.35064935064935066,0.23529411764705882,0.3391812865497076,"Extension Services, Academic Alliance","Bachelor's, master's, and Ph.D. degrees"
2011,Computer Science (BA),146,0.0,0.0,0.0,"Extension Services, Academic Alliance","Bachelor's, master's, and Ph.D. degrees"
2012,Computer Science (BA),146,0.0,0.0,0.0,"Extension Services, Academic Alliance","Bachelor's, master's, and Ph.D. degrees"
2013,Computer Science (BA),146,0.0,0.0,0.0,"Extension Services, Academic Alliance","Bachelor's, master's, and Ph.D. degrees"
2014,Computer Science (BA),146,0.0,0.0,0.0,"Extension Services, Academic Alliance","Bachelor's, master's, and Ph.D. degrees"
2014,Computer Science (BA),475,0.0,0.0,0.0,"Extension Services, Academic Alliance","Bachelor's, master's, and Ph.D. degrees"
2013,Computer Science (BA),475,0.0,0.0,0.0,"Extension Services, Academic Alliance","Bachelor's, master's, and Ph.D. degrees"
2012,Computer Science (BA),475,0.0,0.0,0.0,"Extension Services, Academic Alliance","Bachelor's, master's, and Ph.D. degrees"
2011,Computer Science (BA),475,0.0,0.0,0.0,"Extension Services, Academic Alliance","Bachelor's, master's, and Ph.D. degrees"
2015,Computer Science (BA),475,0.0,0.0,0.0,"Extension Services, Academic Alliance","Bachelor's, master's, and Ph.D. degrees"
2015,Computer Science (BA),146,0.0,0.0,0.0,"Extension Services, Academic Alliance","Bachelor's, master's, and Ph.D. degrees"
2011,Computer Science (BA),336,0.125,0.3333333333333333,0.14285714285714285,"Extension Services, Academic Alliance","Bachelor's, master's, and Ph.D. degrees"
2012,Computer Science (BA),336,0.10526315789473684,0.0,0.09523809523809523,"Extension Services, Academic Alliance","Bachelor's, master's, and Ph.D. degrees"
2013,Computer Science (BA),336,0.22,0.2,0.21818181818181817,"Extension Services, Academic Alliance","Bachelor's, master's, and Ph.D. degrees"
2014,Computer Software and Media Applications,373,0.10526315789473684,0.0,0.08695652173913043,"Extension Services, Academic Alliance","Bachelor's, master's, and Ph.D. degrees"
2013,Computer Software and Media Applications,373,0.0,0.0,0.0,"Extension Services, Academic Alliance","Bachelor's, master's, and Ph.D. degrees"
2012,Computer Software and Media Applications,373,0.16279069767441862,0.0,0.14583333333333334,"Extension Services, Academic Alliance","Bachelor's, master's, and Ph.D. degrees"
2011,Computer Software and Media Applications,373,0.23529411764705882,0.2222222222222222,0.23255813953488372,"Extension Services, Academic Alliance","Bachelor's, master's, and Ph.D. degrees"
2015,Computer Software and Media Applications,373,0.13636363636363635,0.16666666666666666,0.14285714285714285,"Extension Services, Academic Alliance","Bachelor's, master's, and Ph.D. degrees"
2011,Web Design ,97,0.0,0.0,0.0,"Extension Services, Academic Alliance","Bachelor's, master's, and Ph.D. degrees"
2012,Web Design ,97,0.15384615384615385,0.0,0.06060606060606061,"Extension Services, Academic Alliance","Bachelor's, master's, and Ph.D. degrees"
2013,Web Design ,97,0.11764705882352941,0.0,0.05714285714285714,"Extension Services, Academic Alliance","Bachelor's, master's, and Ph.D. degrees"
2014,Web Design ,97,0.0,0.0,0.0,"Extension Services, Academic Alliance","Bachelor's, master's, and Ph.D. degrees"
2012,Computer Software and Media Applications,216,0.2926829268292683,0.21739130434782608,0.265625,"Extension Services, Academic Alliance","Bachelor's, master's, and Ph.D. degrees"
2015,Information Assurance/Cybersecurity,216,0.5274725274725275,0.6666666666666666,0.54,"Extension Services, Academic Alliance","Bachelor's, master's, and Ph.D. degrees"
2012,Information Assurance/Cybersecurity,216,0.10236220472440945,0.0,0.09285714285714286,"Extension Services, Academic Alliance","Bachelor's, master's, and Ph.D. degrees"
2013,Information Assurance/Cybersecurity,216,0.18556701030927836,0.16666666666666666,0.1834862385321101,"Extension Services, Academic Alliance","Bachelor's, master's, and Ph.D. degrees"
2014,Information Assurance/Cybersecurity,216,0.22340425531914893,0.25,0.22549019607843138,"Extension Services, Academic Alliance","Bachelor's, master's, and Ph.D. degrees"
2005,Networking,435,0.20175438596491227,0.18181818181818182,0.200836820083682,"Extension Services, Academic Alliance","Bachelor's, master's, and Ph.D. degrees"
2006,Networking,435,0.16225165562913907,0.1875,0.16352201257861634,"Extension Services, Academic Alliance","Bachelor's, master's, and Ph.D. degrees"
2007,Networking,435,0.12947658402203857,0.14285714285714285,0.129973474801061,"Extension Services, Academic Alliance","Bachelor's, master's, and Ph.D. degrees"
2009,Applied Engineering Sciences,487,0.0,0.0,0.0,"Extension Services, Academic Alliance","Bachelor's, master's, and Ph.D. degrees"
2010,Applied Engineering Sciences,487,0.009615384615384616,0.0,0.006756756756756757,"Extension Services, Academic Alliance","Bachelor's, master's, and Ph.D. degrees"
2011,Applied Engineering Sciences,487,0.0,0.0,0.0,"Extension Services, Academic Alliance","Bachelor's, master's, and Ph.D. degrees"
2014,General Engineering,75,0.056074766355140186,0.14285714285714285,0.0703125,"Extension Services, Academic Alliance",Bachelor's and master's degrees only
2013,General Engineering,75,0.11627906976744186,0.4,0.14583333333333334,"Extension Services, Academic Alliance",Bachelor's and master's degrees only
2012,General Engineering,75,0.06779661016949153,0.0,0.05405405405405406,"Extension Services, Academic Alliance",Bachelor's and master's degrees only
2010,General Engineering,75,0.17333333333333334,0.05263157894736842,0.14893617021276595,"Extension Services, Academic Alliance",Bachelor's and master's degrees only
2011,General Engineering,75,0.07317073170731707,0.3333333333333333,0.0989010989010989,"Extension Services, Academic Alliance",Bachelor's and master's degrees only
2011,Aerospace Engineering,182,0.14098360655737704,0.08108108108108109,0.12928759894459102,"Extension Services, Academic Alliance","Bachelor's, master's, and Ph.D. degrees"
2012,Aerospace Engineering,182,0.1148036253776435,0.1566265060240964,0.12318840579710146,"Extension Services, Academic Alliance","Bachelor's, master's, and Ph.D. degrees"
2013,Aerospace Engineering,182,0.0967741935483871,0.13095238095238096,0.10352941176470588,"Extension Services, Academic Alliance","Bachelor's, master's, and Ph.D. degrees"
2014,Aerospace Engineering,182,0.09659090909090909,0.0,0.07727272727272727,"Extension Services, Academic Alliance","Bachelor's, master's, and Ph.D. degrees"
2009,Chemical Engineering,487,0.012244897959183673,0.0,0.00906344410876133,"Extension Services, Academic Alliance","Bachelor's, master's, and Ph.D. degrees"
2010,Chemical Engineering,487,0.011278195488721804,0.0,0.008620689655172414,"Extension Services, Academic Alliance","Bachelor's, master's, and Ph.D. degrees"
2011,Chemical Engineering,487,0.006825938566552901,0.012048192771084338,0.007978723404255319,"Extension Services, Academic Alliance","Bachelor's, master's, and Ph.D. degrees"
2012,Chemical Engineering,487,0.003048780487804878,0.02127659574468085,0.0071090047393364926,"Extension Services, Academic Alliance","Bachelor's, master's, and Ph.D. degrees"
2013,Chemical Engineering,487,0.0028089887640449437,0.0,0.002145922746781116,"Extension Services, Academic Alliance","Bachelor's, master's, and Ph.D. degrees"
2009,Civil Engineering,487,0.003289473684210526,0.0,0.0027548209366391185,"Extension Services, Academic Alliance","Bachelor's, master's, and Ph.D. degrees"
2010,Civil Engineering,487,0.0,0.014084507042253521,0.0026455026455026454,"Extension Services, Academic Alliance","Bachelor's, master's, and Ph.D. degrees"
2011,Civil Engineering,487,0.010344827586206896,0.0,0.008310249307479225,"Extension Services, Academic Alliance","Bachelor's, master's, and Ph.D. degrees"
2004,Civil Engineering,287,0.12121212121212122,0.10344827586206896,0.11578947368421053,"Extension Services, Academic Alliance","Bachelor's, master's, and Ph.D. degrees"
2005,Civil Engineering,287,0.05,0.03225806451612903,0.04504504504504504,"Extension Services, Academic Alliance","Bachelor's, master's, and Ph.D. degrees"
2006,Civil Engineering,287,0.1375,0.05405405405405406,0.1111111111111111,"Extension Services, Academic Alliance","Bachelor's, master's, and Ph.D. degrees"
2007,Civil Engineering,287,0.05504587155963303,0.04878048780487805,0.05333333333333334,"Extension Services, Academic Alliance","Bachelor's, master's, and Ph.D. degrees"
2008,Civil Engineering,287,0.08620689655172414,0.07692307692307693,0.08333333333333333,"Extension Services, Academic Alliance","Bachelor's, master's, and Ph.D. degrees"
2011,Civil Engineering,287,0.1242603550295858,0.04,0.1050228310502283,"Extension Services, Academic Alliance","Bachelor's, master's, and Ph.D. degrees"
2014,Civil Engineering,287,0.0,0.0,0.0,"Extension Services, Academic Alliance","Bachelor's, master's, and Ph.D. degrees"
2013,Civil Engineering,75,0.08695652173913043,0.058823529411764705,0.07936507936507936,"Extension Services, Academic Alliance",Bachelor's and master's degrees only
2012,Civil Engineering,75,0.0,0.0,0.0,"Extension Services, Academic Alliance",Bachelor's and master's degrees only
2011,Civil Engineering,75,0.07547169811320754,0.0,0.058823529411764705,"Extension Services, Academic Alliance",Bachelor's and master's degrees only
2010,Civil Engineering,75,0.05357142857142857,0.0,0.04225352112676056,"Extension Services, Academic Alliance",Bachelor's and master's degrees only
2010,Computer Engineering,85,0.1056338028169014,0.05,0.09876543209876543,"Extension Services, Academic Alliance","Bachelor's, master's, and Ph.D. degrees"
2011,Computer Engineering,85,0.056338028169014086,0.13043478260869565,0.06666666666666667,"Extension Services, Academic Alliance","Bachelor's, master's, and Ph.D. degrees"
2012,Computer Engineering,85,0.1267605633802817,0.1111111111111111,0.1242603550295858,"Extension Services, Academic Alliance","Bachelor's, master's, and Ph.D. degrees"
2009,Computer Engineering,487,0.025477707006369428,0.05,0.02824858757062147,"Extension Services, Academic Alliance","Bachelor's, master's, and Ph.D. degrees"
2010,Computer Engineering,487,0.005555555555555556,0.047619047619047616,0.009950248756218905,"Extension Services, Academic Alliance","Bachelor's, master's, and Ph.D. degrees"
2011,Computer Engineering,487,0.0,0.0,0.0,"Extension Services, Academic Alliance","Bachelor's, master's, and Ph.D. degrees"
2005,Computer Engineering,97,0.020202020202020204,0.0625,0.02608695652173913,"Extension Services, Academic Alliance","Bachelor's, master's, and Ph.D. degrees"
2006,Computer Engineering,97,0.10843373493975904,0.0,0.0967741935483871,"Extension Services, Academic Alliance","Bachelor's, master's, and Ph.D. degrees"
2007,Computer Engineering,97,0.011235955056179775,0.0,0.01020408163265306,"Extension Services, Academic Alliance","Bachelor's, master's, and Ph.D. degrees"
2008,Computer Engineering,97,0.10666666666666667,0.1,0.10588235294117647,"Extension Services, Academic Alliance","Bachelor's, master's, and Ph.D. degrees"
2009,Computer Engineering,97,0.06896551724137931,0.0,0.06060606060606061,"Extension Services, Academic Alliance","Bachelor's, master's, and Ph.D. degrees"
2004,Computer Engineering,72,0.06691449814126393,0.0,0.05454545454545454,"Extension Services, Academic Alliance","Bachelor's, master's, and Ph.D. degrees"
2005,Computer Engineering,72,0.056768558951965066,0.0,0.04814814814814815,"Extension Services, Academic Alliance","Bachelor's, master's, and Ph.D. degrees"
2006,Computer Engineering,72,0.02247191011235955,0.038461538461538464,0.024509803921568627,"Extension Services, Academic Alliance","Bachelor's, master's, and Ph.D. degrees"
2007,Computer Engineering,72,0.06962025316455696,0.1111111111111111,0.0718562874251497,"Extension Services, Academic Alliance","Bachelor's, master's, and Ph.D. degrees"
2008,Computer Engineering,72,0.058823529411764705,0.0,0.05454545454545454,"Extension Services, Academic Alliance","Bachelor's, master's, and Ph.D. degrees"
2009,Computer Engineering,72,0.05714285714285714,0.3333333333333333,0.0684931506849315,"Extension Services, Academic Alliance","Bachelor's, master's, and Ph.D. degrees"
2010,Computer Engineering,72,0.08450704225352113,0.0,0.08,"Extension Services, Academic Alliance","Bachelor's, master's, and Ph.D. degrees"
2011,Computer Engineering,72,0.09022556390977443,0.1111111111111111,0.09154929577464789,"Extension Services, Academic Alliance","Bachelor's, master's, and Ph.D. degrees"
2012,Computer Engineering,72,0.07246376811594203,0.0,0.06896551724137931,"Extension Services, Academic Alliance","Bachelor's, master's, and Ph.D. degrees"
2009,Computer Engineering,13,0.20279720279720279,0.23529411764705882,0.20625,"Extension Services, Academic Alliance","Bachelor's, master's, and Ph.D. degrees"
2010,Computer Engineering,13,0.17197452229299362,0.2,0.1751412429378531,"Extension Services, Academic Alliance","Bachelor's, master's, and Ph.D. degrees"
2011,Computer Engineering,13,0.09411764705882353,0.1,0.09473684210526316,"Extension Services, Academic Alliance","Bachelor's, master's, and Ph.D. degrees"
2012,Computer Engineering,13,0.9675324675324676,0.9545454545454546,0.9659090909090909,"Extension Services, Academic Alliance","Bachelor's, master's, and Ph.D. degrees"
2010,Computer Engineering,437,0.0,0.0,0.0,"Extension Services, Academic Alliance","Bachelor's, master's, and Ph.D. degrees"
2011,Computer Engineering,437,0.0,0.0,0.0,"Extension Services, Academic Alliance","Bachelor's, master's, and Ph.D. degrees"
2013,Computer Engineering,85,0.09090909090909091,0.043478260869565216,0.08433734939759036,"Extension Services, Academic Alliance","Bachelor's, master's, and Ph.D. degrees"
2012,Computer Engineering,487,0.01015228426395939,0.0,0.009389671361502348,"Extension Services, Academic Alliance","Bachelor's, master's, and Ph.D. degrees"
2013,Computer Engineering,487,0.0,0.0,0.0,"Extension Services, Academic Alliance","Bachelor's, master's, and Ph.D. degrees"
2014,Computer Engineering,487,0.00881057268722467,0.045454545454545456,0.012048192771084338,"Extension Services, Academic Alliance","Bachelor's, master's, and Ph.D. degrees"
2012,Computer Engineering,422,0.0,0.0,0.0,"Extension Services, Academic Alliance","Bachelor's, master's, and Ph.D. degrees"
2013,Computer Engineering,422,0.03571428571428571,0.0,0.030303030303030304,"Extension Services, Academic Alliance","Bachelor's, master's, and Ph.D. degrees"
2014,Computer Engineering,422,0.023255813953488372,0.0,0.0196078431372549,"Extension Services, Academic Alliance","Bachelor's, master's, and Ph.D. degrees"
2014,Computer Engineering,75,0.0,0.0,0.0,"Extension Services, Academic Alliance",Bachelor's and master's degrees only
2013,Computer Engineering,75,0.0,0.0,0.0,"Extension Services, Academic Alliance",Bachelor's and master's degrees only
2012,Computer Engineering,75,0.06666666666666667,0.0,0.058823529411764705,"Extension Services, Academic Alliance",Bachelor's and master's degrees only
2010,Computer Engineering,75,0.0,0.0,0.0,"Extension Services, Academic Alliance",Bachelor's and master's degrees only
2011,Computer Engineering,489,0.3333333333333333,0.3333333333333333,0.3333333333333333,"Extension Services, Academic Alliance","Bachelor's, master's, and Ph.D. degrees"
2012,Computer Engineering,489,0.35135135135135137,0.4444444444444444,0.3614457831325301,"Extension Services, Academic Alliance","Bachelor's, master's, and Ph.D. degrees"
2013,Computer Engineering,489,0.3,0.2857142857142857,0.2988505747126437,"Extension Services, Academic Alliance","Bachelor's, master's, and Ph.D. degrees"
2014,Computer Engineering,489,0.23,0.5714285714285714,0.2523364485981308,"Extension Services, Academic Alliance","Bachelor's, master's, and Ph.D. degrees"
2014,Computer Engineering,194,0.17475728155339806,0.10526315789473684,0.1688888888888889,"Extension Services, Academic Alliance","Bachelor's, master's, and Ph.D. degrees"
2013,Computer Engineering,194,0.1256544502617801,0.2,0.13106796116504854,"Extension Services, Academic Alliance","Bachelor's, master's, and Ph.D. degrees"
2012,Computer Engineering,194,0.1,0.13333333333333333,0.1024390243902439,"Extension Services, Academic Alliance","Bachelor's, master's, and Ph.D. degrees"
2011,Computer Engineering,194,0.15048543689320387,0.0,0.13901345291479822,"Extension Services, Academic Alliance","Bachelor's, master's, and Ph.D. degrees"
2010,Computer Engineering,194,0.14925373134328357,0.09090909090909091,0.14622641509433962,"Extension Services, Academic Alliance","Bachelor's, master's, and Ph.D. degrees"
2014,Computer Engineering,469,0.06772908366533864,0.0,0.06390977443609022,"Extension Services, Academic Alliance","Bachelor's, master's, and Ph.D. degrees"
2015,Computer Engineering,194,0.12149532710280374,0.11764705882352941,0.12121212121212122,"Extension Services, Academic Alliance","Bachelor's, master's, and Ph.D. degrees"
2015,Computer Engineering,373,0.1016949152542373,0.045454545454545456,0.09285714285714286,"Extension Services, Academic Alliance","Bachelor's, master's, and Ph.D. degrees"
2015,Computer Engineering,75,0.0625,0.0,0.045454545454545456,"Extension Services, Academic Alliance",Bachelor's and master's degrees only
2013,Computer Engineering,72,0.057971014492753624,0.1,0.060810810810810814,"Extension Services, Academic Alliance","Bachelor's, master's, and Ph.D. degrees"
2014,Computer Engineering,72,0.09154929577464789,0.0,0.08125,"Extension Services, Academic Alliance","Bachelor's, master's, and Ph.D. degrees"
2015,Computer Engineering,72,0.05232558139534884,0.16666666666666666,0.06315789473684211,"Extension Services, Academic Alliance","Bachelor's, master's, and Ph.D. degrees"
2010,Computer Engineering,97,0.0851063829787234,0.0,0.06956521739130435,"Extension Services, Academic Alliance","Bachelor's, master's, and Ph.D. degrees"
2011,Computer Engineering,97,0.03,0.07407407407407407,0.03937007874015748,"Extension Services, Academic Alliance","Bachelor's, master's, and Ph.D. degrees"
2012,Computer Engineering,97,0.06451612903225806,0.037037037037037035,0.059602649006622516,"Extension Services, Academic Alliance","Bachelor's, master's, and Ph.D. degrees"
2013,Computer Engineering,97,0.039735099337748346,0.0,0.0335195530726257,"Extension Services, Academic Alliance","Bachelor's, master's, and Ph.D. degrees"
2014,Computer Engineering,97,0.06666666666666667,0.0,0.05825242718446602,"Extension Services, Academic Alliance","Bachelor's, master's, and Ph.D. degrees"
2015,Computer Engineering,489,0.29357798165137616,0.0,0.27586206896551724,"Extension Services, Academic Alliance","Bachelor's, master's, and Ph.D. degrees"
2015,Computer Engineering,46,0.16666666666666666,0.0,0.14285714285714285,"Extension Services, Academic Alliance","Bachelor's, master's, and Ph.D. degrees"
2007,Software Engineering,435,0.10559006211180125,0.14285714285714285,0.10787172011661808,"Extension Services, Academic Alliance","Bachelor's, master's, and Ph.D. degrees"
2012,Software Engineering,117,0.2894736842105263,0.4,0.3023255813953488,"Extension Services, Academic Alliance","Bachelor's, master's, and Ph.D. degrees"
2013,Software Engineering,117,0.640625,0.36363636363636365,0.6,"Extension Services, Academic Alliance","Bachelor's, master's, and Ph.D. degrees"
2014,Software Engineering,194,0.189873417721519,0.25,0.1927710843373494,"Extension Services, Academic Alliance","Bachelor's, master's, and Ph.D. degrees"
2013,Software Engineering,194,0.2222222222222222,0.0,0.21212121212121213,"Extension Services, Academic Alliance","Bachelor's, master's, and Ph.D. degrees"
2012,Software Engineering,194,0.10416666666666667,0.0,0.1,"Extension Services, Academic Alliance","Bachelor's, master's, and Ph.D. degrees"
2010,Software Engineering,194,0.047619047619047616,0.0,0.046875,"Extension Services, Academic Alliance","Bachelor's, master's, and Ph.D. degrees"
2015,Software Engineering,194,0.17647058823529413,0.0,0.16666666666666666,"Extension Services, Academic Alliance","Bachelor's, master's, and Ph.D. degrees"
2010,Electrical Engineering,85,0.1282051282051282,0.075,0.11914893617021277,"Extension Services, Academic Alliance","Bachelor's, master's, and Ph.D. degrees"
2011,Electrical Engineering,85,0.06796116504854369,0.08823529411764706,0.07083333333333333,"Extension Services, Academic Alliance","Bachelor's, master's, and Ph.D. degrees"
2012,Electrical Engineering,85,0.11961722488038277,0.0625,0.11203319502074689,"Extension Services, Academic Alliance","Bachelor's, master's, and Ph.D. degrees"
2009,Electrical Engineering,487,0.0,0.0,0.0,"Extension Services, Academic Alliance","Bachelor's, master's, and Ph.D. degrees"
2010,Electrical Engineering,487,0.015384615384615385,0.0,0.013986013986013986,"Extension Services, Academic Alliance","Bachelor's, master's, and Ph.D. degrees"
2011,Electrical Engineering,487,0.010135135135135136,0.0,0.009202453987730062,"Extension Services, Academic Alliance","Bachelor's, master's, and Ph.D. degrees"
2004,Electrical Engineering,72,0.09740259740259741,0.06451612903225806,0.0918918918918919,"Extension Services, Academic Alliance","Bachelor's, master's, and Ph.D. degrees"
2005,Electrical Engineering,72,0.04316546762589928,0.07692307692307693,0.048484848484848485,"Extension Services, Academic Alliance","Bachelor's, master's, and Ph.D. degrees"
2006,Electrical Engineering,72,0.09230769230769231,0.0,0.07407407407407407,"Extension Services, Academic Alliance","Bachelor's, master's, and Ph.D. degrees"
2007,Electrical Engineering,72,0.08333333333333333,0.030303030303030304,0.07344632768361582,"Extension Services, Academic Alliance","Bachelor's, master's, and Ph.D. degrees"
2008,Electrical Engineering,72,0.044444444444444446,0.09090909090909091,0.050955414012738856,"Extension Services, Academic Alliance","Bachelor's, master's, and Ph.D. degrees"
2009,Electrical Engineering,72,0.04794520547945205,0.09523809523809523,0.05389221556886228,"Extension Services, Academic Alliance","Bachelor's, master's, and Ph.D. degrees"
2010,Electrical Engineering,72,0.013793103448275862,0.0,0.012195121951219513,"Extension Services, Academic Alliance","Bachelor's, master's, and Ph.D. degrees"
2011,Electrical Engineering,72,0.05921052631578947,0.1,0.06395348837209303,"Extension Services, Academic Alliance","Bachelor's, master's, and Ph.D. degrees"
2012,Electrical Engineering,72,0.05442176870748299,0.05,0.05389221556886228,"Extension Services, Academic Alliance","Bachelor's, master's, and Ph.D. degrees"
2009,Electrical Engineering,13,0.1497584541062802,0.16666666666666666,0.1506849315068493,"Extension Services, Academic Alliance","Bachelor's, master's, and Ph.D. degrees"
2010,Electrical Engineering,13,0.11261261261261261,0.11764705882352941,0.11297071129707113,"Extension Services, Academic Alliance","Bachelor's, master's, and Ph.D. degrees"
2011,Electrical Engineering,13,0.10526315789473684,0.0,0.09482758620689655,"Extension Services, Academic Alliance","Bachelor's, master's, and Ph.D. degrees"
2012,Electrical Engineering,13,0.9894179894179894,0.7222222222222222,0.966183574879227,"Extension Services, Academic Alliance","Bachelor's, master's, and Ph.D. degrees"
2010,Electrical Engineering,437,0.0,0.0,0.0,"Extension Services, Academic Alliance","Bachelor's, master's, and Ph.D. degrees"
2011,Electrical Engineering,437,0.0,0.0,0.0,"Extension Services, Academic Alliance","Bachelor's, master's, and Ph.D. degrees"
2004,Electrical & Computer Engineering,287,0.06640625,0.09259259259259259,0.07096774193548387,"Extension Services, Academic Alliance","Bachelor's, master's, and Ph.D. degrees"
2005,Electrical & Computer Engineering,287,0.028688524590163935,0.02040816326530612,0.027303754266211604,"Extension Services, Academic Alliance","Bachelor's, master's, and Ph.D. degrees"
2008,Electrical & Computer Engineering,287,0.04390243902439024,0.0,0.03501945525291829,"Extension Services, Academic Alliance","Bachelor's, master's, and Ph.D. degrees"
2009,Electrical & Computer Engineering,287,0.029288702928870293,0.14754098360655737,0.05333333333333334,"Extension Services, Academic Alliance","Bachelor's, master's, and Ph.D. degrees"
2010,Electrical & Computer Engineering,287,0.04784688995215311,0.10638297872340426,0.05859375,"Extension Services, Academic Alliance","Bachelor's, master's, and Ph.D. degrees"
2011,Electrical & Computer Engineering,287,0.0794392523364486,0.05263157894736842,0.07380073800738007,"Extension Services, Academic Alliance","Bachelor's, master's, and Ph.D. degrees"
2004,Electrical Engineering,469,0.025157232704402517,0.0,0.022535211267605635,"Extension Services, Academic Alliance","Bachelor's, master's, and Ph.D. degrees"
2005,Electrical Engineering,469,0.05172413793103448,0.0,0.046583850931677016,"Extension Services, Academic Alliance","Bachelor's, master's, and Ph.D. degrees"
2006,Electrical Engineering,469,0.03235294117647059,0.02040816326530612,0.030848329048843187,"Extension Services, Academic Alliance","Bachelor's, master's, and Ph.D. degrees"
2007,Electrical Engineering,469,0.03323262839879154,0.023809523809523808,0.032171581769437,"Extension Services, Academic Alliance","Bachelor's, master's, and Ph.D. degrees"
2008,Electrical Engineering,469,0.061016949152542375,0.058823529411764705,0.060790273556231005,"Extension Services, Academic Alliance","Bachelor's, master's, and Ph.D. degrees"
2009,Electrical Engineering,469,0.027491408934707903,0.05405405405405406,0.03048780487804878,"Extension Services, Academic Alliance","Bachelor's, master's, and Ph.D. degrees"
2010,Electrical Engineering,469,0.045112781954887216,0.05714285714285714,0.046511627906976744,"Extension Services, Academic Alliance","Bachelor's, master's, and Ph.D. degrees"
2011,Electrical Engineering,469,0.06390977443609022,0.030303030303030304,0.06020066889632107,"Extension Services, Academic Alliance","Bachelor's, master's, and Ph.D. degrees"
2012,Electrical Engineering,469,0.044444444444444446,0.025,0.04225352112676056,"Extension Services, Academic Alliance","Bachelor's, master's, and Ph.D. degrees"
2008,Electrical Engineering,117,0.12035010940919037,0.15151515151515152,0.124282982791587,"Extension Services, Academic Alliance","Bachelor's, master's, and Ph.D. degrees"
2009,Electrical Engineering,117,0.13228699551569506,0.19718309859154928,0.14119922630560927,"Extension Services, Academic Alliance","Bachelor's, master's, and Ph.D. degrees"
2010,Electrical Engineering,117,0.15894039735099338,0.2698412698412698,0.17248062015503876,"Extension Services, Academic Alliance","Bachelor's, master's, and Ph.D. degrees"
2011,Electrical Engineering,117,0.15725806451612903,0.13333333333333333,0.15411558669001751,"Extension Services, Academic Alliance","Bachelor's, master's, and Ph.D. degrees"
2012,Electrical Engineering,117,0.166044776119403,0.2236842105263158,0.17320261437908496,"Extension Services, Academic Alliance","Bachelor's, master's, and Ph.D. degrees"
2013,Electrical Engineering,117,0.10759493670886076,0.05747126436781609,0.10152990264255911,"Extension Services, Academic Alliance","Bachelor's, master's, and Ph.D. degrees"
2013,Electrical Engineering,469,0.03888888888888889,0.02564102564102564,0.03759398496240601,"Extension Services, Academic Alliance","Bachelor's, master's, and Ph.D. degrees"
2013,Electrical Engineering,85,0.07792207792207792,0.047619047619047616,0.07326007326007326,"Extension Services, Academic Alliance","Bachelor's, master's, and Ph.D. degrees"
2012,Electrical Engineering,487,0.0,0.0,0.0,"Extension Services, Academic Alliance","Bachelor's, master's, and Ph.D. degrees"
2013,Electrical Engineering,487,0.01891891891891892,0.0,0.016908212560386472,"Extension Services, Academic Alliance","Bachelor's, master's, and Ph.D. degrees"
2014,Electrical Engineering,487,0.0024875621890547263,0.023255813953488372,0.0044943820224719105,"Extension Services, Academic Alliance","Bachelor's, master's, and Ph.D. degrees"
2014,Electrical Engineering,75,0.09090909090909091,0.0,0.07575757575757576,"Extension Services, Academic Alliance",Bachelor's and master's degrees only
2013,Electrical Engineering,75,0.03773584905660377,0.1,0.047619047619047616,"Extension Services, Academic Alliance",Bachelor's and master's degrees only
2012,Electrical Engineering,75,0.0,0.0,0.0,"Extension Services, Academic Alliance",Bachelor's and master's degrees only
2011,Electrical Engineering,75,0.022222222222222223,0.0,0.018867924528301886,"Extension Services, Academic Alliance",Bachelor's and master's degrees only
2010,Electrical Engineering,75,0.05,0.0,0.041666666666666664,"Extension Services, Academic Alliance",Bachelor's and master's degrees only
2014,Electrical Engineering,373,0.07894736842105263,0.14285714285714285,0.08888888888888889,"Extension Services, Academic Alliance","Bachelor's, master's, and Ph.D. degrees"
2012,Electrical and Computer Engineering,205,0.21238938053097345,0.36666666666666664,0.24475524475524477,"Extension Services, Academic Alliance","Bachelor's, master's, and Ph.D. degrees"
2013,Electrical and Computer Engineering,205,0.16842105263157894,0.23076923076923078,0.18181818181818182,"Extension Services, Academic Alliance","Bachelor's, master's, and Ph.D. degrees"
2014,Electrical Engineering,489,0.20098039215686275,0.058823529411764705,0.19004524886877827,"Extension Services, Academic Alliance","Bachelor's, master's, and Ph.D. degrees"
2013,Electrical Engineering,489,0.1674641148325359,0.058823529411764705,0.1592920353982301,"Extension Services, Academic Alliance","Bachelor's, master's, and Ph.D. degrees"
2012,Electrical Engineering,489,0.21465968586387435,0.05263157894736842,0.2,"Extension Services, Academic Alliance","Bachelor's, master's, and Ph.D. degrees"
2011,Electrical Engineering,489,0.26436781609195403,0.18181818181818182,0.25510204081632654,"Extension Services, Academic Alliance","Bachelor's, master's, and Ph.D. degrees"
2014,Electrical Engineering,194,0.07094594594594594,0.05555555555555555,0.06927710843373494,"Extension Services, Academic Alliance","Bachelor's, master's, and Ph.D. degrees"
2013,Electrical Engineering,194,0.0912280701754386,0.1388888888888889,0.09657320872274143,"Extension Services, Academic Alliance","Bachelor's, master's, and Ph.D. degrees"
2012,Electrical Engineering,194,0.0967741935483871,0.08108108108108109,0.0949367088607595,"Extension Services, Academic Alliance","Bachelor's, master's, and Ph.D. degrees"
2011,Electrical Engineering,194,0.08637873754152824,0.10810810810810811,0.08875739644970414,"Extension Services, Academic Alliance","Bachelor's, master's, and Ph.D. degrees"
2010,Electrical Engineering,194,0.10031347962382445,0.07894736842105263,0.09803921568627451,"Extension Services, Academic Alliance","Bachelor's, master's, and Ph.D. degrees"
2015,Electrical Engineering,194,0.06761565836298933,0.09090909090909091,0.07006369426751592,"Extension Services, Academic Alliance","Bachelor's, master's, and Ph.D. degrees"
2011,Electrical and Computer Engineering,324,0.06578947368421052,0.06896551724137931,0.06614785992217899,"Extension Services, Academic Alliance","Bachelor's, master's, and Ph.D. degrees"
2013,Electrical and Computer Engineering,324,0.10762331838565023,0.06060606060606061,0.1015625,"Extension Services, Academic Alliance","Bachelor's, master's, and Ph.D. degrees"
2014,Electrical and Computer Engineering,324,0.07246376811594203,0.17391304347826086,0.08260869565217391,"Extension Services, Academic Alliance","Bachelor's, master's, and Ph.D. degrees"
2012,Electrical and Computer Engineering,324,0.08,0.1388888888888889,0.08812260536398467,"Extension Services, Academic Alliance","Bachelor's, master's, and Ph.D. degrees"
2010,Electrical and Computer Engineering,110,0.07413010590015129,0.0641025641025641,0.07307171853856563,"Extension Services, Academic Alliance","Bachelor's, master's, and Ph.D. degrees"
2011,Electrical and Computer Engineering,110,0.07732634338138926,0.08333333333333333,0.0779976717112922,"Extension Services, Academic Alliance","Bachelor's, master's, and Ph.D. degrees"
2012,Electrical and Computer Engineering,110,0.07224770642201835,0.04918032786885246,0.06941649899396378,"Extension Services, Academic Alliance","Bachelor's, master's, and Ph.D. degrees"
2013,Electrical and Computer Engineering,110,0.04972972972972973,0.013333333333333334,0.044651162790697675,"Extension Services, Academic Alliance","Bachelor's, master's, and Ph.D. degrees"
2014,Electrical and Computer Engineering,110,0.03455497382198953,0.013071895424836602,0.0315884476534296,"Extension Services, Academic Alliance","Bachelor's, master's, and Ph.D. degrees"
2015,Electrical Engineering,373,0.16666666666666666,0.045454545454545456,0.14615384615384616,"Extension Services, Academic Alliance","Bachelor's, master's, and Ph.D. degrees"
2013,Electrical Engineering,146,0.0,0.0,0.0,"Extension Services, Academic Alliance","Bachelor's, master's, and Ph.D. degrees"
2014,"Electrical, Electronics and Communications Engineering",123,0.23636363636363636,0.2777777777777778,0.2421875,"Extension Services, Academic Alliance","Bachelor's, master's, and Ph.D. degrees"
2013,"Electrical, Electronics and Communications Engineering",123,0.14049586776859505,0.3333333333333333,0.16901408450704225,"Extension Services, Academic Alliance","Bachelor's, master's, and Ph.D. degrees"
2012,"Electrical, Electronics and Communications Engineering",123,0.1452991452991453,0.3333333333333333,0.16666666666666666,"Extension Services, Academic Alliance","Bachelor's, master's, and Ph.D. degrees"
2011,"Electrical, Electronics and Communications Engineering",123,0.16666666666666666,0.1111111111111111,0.1597222222222222,"Extension Services, Academic Alliance","Bachelor's, master's, and Ph.D. degrees"
2015,Electrical Engineering,75,0.02631578947368421,0.0,0.024096385542168676,"Extension Services, Academic Alliance",Bachelor's and master's degrees only
2013,Electrical Engineering,72,0.06666666666666667,0.05555555555555555,0.06547619047619048,"Extension Services, Academic Alliance","Bachelor's, master's, and Ph.D. degrees"
2014,Electrical Engineering,72,0.06711409395973154,0.08,0.06896551724137931,"Extension Services, Academic Alliance","Bachelor's, master's, and Ph.D. degrees"
2015,Electrical Engineering,72,0.054878048780487805,0.0,0.04568527918781726,"Extension Services, Academic Alliance","Bachelor's, master's, and Ph.D. degrees"
2015,Electrical and Computer Engineering,324,0.125,0.17142857142857143,0.13127413127413126,"Extension Services, Academic Alliance","Bachelor's, master's, and Ph.D. degrees"
2015,Electrical and Computer Engineering,110,0.0351123595505618,0.0,0.03033980582524272,"Extension Services, Academic Alliance","Bachelor's, master's, and Ph.D. degrees"
2015,Electrical Engineering,146,0.0,0.0,0.0,"Extension Services, Academic Alliance","Bachelor's, master's, and Ph.D. degrees"
2015,Electrical Engineering,489,0.21634615384615385,0.09523809523809523,0.2052401746724891,"Extension Services, Academic Alliance","Bachelor's, master's, and Ph.D. degrees"
2015,"Electrical, Electronics and Communications Engineering",123,0.2923076923076923,0.34782608695652173,0.3006535947712418,"Extension Services, Academic Alliance","Bachelor's, master's, and Ph.D. degrees"
2009,Materials Science and Engineering,487,0.0,0.0,0.0,"Extension Services, Academic Alliance","Bachelor's, master's, and Ph.D. degrees"
2010,Materials Science and Engineering,487,0.0,0.0,0.0,"Extension Services, Academic Alliance","Bachelor's, master's, and Ph.D. degrees"
2011,Materials Science and Engineering,487,0.019230769230769232,0.0,0.013513513513513514,"Extension Services, Academic Alliance","Bachelor's, master's, and Ph.D. degrees"
2009,Mechanical Engineering,487,0.003289473684210526,0.012195121951219513,0.004347826086956522,"Extension Services, Academic Alliance","Bachelor's, master's, and Ph.D. degrees"
2010,Mechanical Engineering,487,0.004777070063694267,0.0,0.004178272980501393,"Extension Services, Academic Alliance","Bachelor's, master's, and Ph.D. degrees"
2011,Mechanical Engineering,487,0.007763975155279503,0.0,0.006631299734748011,"Extension Services, Academic Alliance","Bachelor's, master's, and Ph.D. degrees"
2009,Mechanical Engineering,13,0.16802610114192496,0.023255813953488372,0.15853658536585366,"Extension Services, Academic Alliance","Bachelor's, master's, and Ph.D. degrees"
2010,Mechanical Engineering,13,0.1027900146842878,0.11627906976744186,0.10359116022099447,"Extension Services, Academic Alliance","Bachelor's, master's, and Ph.D. degrees"
2011,Mechanical Engineering,13,0.1144578313253012,0.058823529411764705,0.11048951048951049,"Extension Services, Academic Alliance","Bachelor's, master's, and Ph.D. degrees"
2012,Mechanical Engineering,13,0.9447004608294931,0.7708333333333334,0.932761087267525,"Extension Services, Academic Alliance","Bachelor's, master's, and Ph.D. degrees"
2010,Mechanical Engineering,437,0.0,0.0,0.0,"Extension Services, Academic Alliance","Bachelor's, master's, and Ph.D. degrees"
2011,Mechanical Engineering,437,0.0,0.0,0.0,"Extension Services, Academic Alliance","Bachelor's, master's, and Ph.D. degrees"
2004,Mechanical Engineering,469,0.0352760736196319,0.011904761904761904,0.03260869565217391,"Extension Services, Academic Alliance","Bachelor's, master's, and Ph.D. degrees"
2005,Mechanical Engineering,469,0.03299856527977044,0.05555555555555555,0.035578144853875476,"Extension Services, Academic Alliance","Bachelor's, master's, and Ph.D. degrees"
2006,Mechanical Engineering,469,0.02679830747531735,0.025974025974025976,0.026717557251908396,"Extension Services, Academic Alliance","Bachelor's, master's, and Ph.D. degrees"
2007,Mechanical Engineering,469,0.030598052851182198,0.014285714285714285,0.029150823827629912,"Extension Services, Academic Alliance","Bachelor's, master's, and Ph.D. degrees"
2008,Mechanical Engineering,469,0.03566529492455418,0.0,0.03225806451612903,"Extension Services, Academic Alliance","Bachelor's, master's, and Ph.D. degrees"
2009,Mechanical Engineering,469,0.03129074315514994,0.021505376344086023,0.030232558139534883,"Extension Services, Academic Alliance","Bachelor's, master's, and Ph.D. degrees"
2010,Mechanical Engineering,469,0.042787286063569685,0.037383177570093455,0.04216216216216216,"Extension Services, Academic Alliance","Bachelor's, master's, and Ph.D. degrees"
2011,Mechanical Engineering,469,0.03818615751789976,0.0196078431372549,0.036170212765957444,"Extension Services, Academic Alliance","Bachelor's, master's, and Ph.D. degrees"
2012,Mechanical Engineering,487,0.009102730819245773,0.0,0.007927519818799546,"Extension Services, Academic Alliance","Bachelor's, master's, and Ph.D. degrees"
2013,Mechanical Engineering,487,0.006928406466512702,0.023622047244094488,0.00906344410876133,"Extension Services, Academic Alliance","Bachelor's, master's, and Ph.D. degrees"
2014,Mechanical Engineering,487,0.002952755905511811,0.005813953488372093,0.003367003367003367,"Extension Services, Academic Alliance","Bachelor's, master's, and Ph.D. degrees"
2012,Mechanical Engineering,422,0.010309278350515464,0.0,0.007782101167315175,"Extension Services, Academic Alliance","Bachelor's, master's, and Ph.D. degrees"
2013,Mechanical Engineering,422,0.0,0.014492753623188406,0.0038461538461538464,"Extension Services, Academic Alliance","Bachelor's, master's, and Ph.D. degrees"
2014,Mechanical Engineering,422,0.014018691588785047,0.0,0.010869565217391304,"Extension Services, Academic Alliance","Bachelor's, master's, and Ph.D. degrees"
2013,Mechanical Engineering,75,0.0875,0.0,0.07526881720430108,"Extension Services, Academic Alliance",Bachelor's and master's degrees only
2012,Mechanical Engineering,75,0.031746031746031744,0.0,0.0273972602739726,"Extension Services, Academic Alliance",Bachelor's and master's degrees only
2011,Mechanical Engineering,75,0.0410958904109589,0.07142857142857142,0.04597701149425287,"Extension Services, Academic Alliance",Bachelor's and master's degrees only
2010,Mechanical Engineering,75,0.05128205128205128,0.0,0.041237113402061855,"Extension Services, Academic Alliance",Bachelor's and master's degrees only
2011,Mechanical Engineering,182,0.08771929824561403,0.05555555555555555,0.08280254777070063,"Extension Services, Academic Alliance","Bachelor's, master's, and Ph.D. degrees"
2012,Mechanical Engineering,182,0.09388646288209607,0.09090909090909091,0.09345794392523364,"Extension Services, Academic Alliance","Bachelor's, master's, and Ph.D. degrees"
2013,Mechanical Engineering,182,0.07868852459016394,0.04854368932038835,0.07433380084151472,"Extension Services, Academic Alliance","Bachelor's, master's, and Ph.D. degrees"
2014,Mechanical Engineering,182,0.08242612752721618,0.02654867256637168,0.07407407407407407,"Extension Services, Academic Alliance","Bachelor's, master's, and Ph.D. degrees"
2014,Mechanical Engineering,373,0.05752212389380531,0.12903225806451613,0.06614785992217899,"Extension Services, Academic Alliance","Bachelor's, master's, and Ph.D. degrees"
2013,Mechanical Engineering,373,0.06666666666666667,0.15625,0.07782101167315175,"Extension Services, Academic Alliance","Bachelor's, master's, and Ph.D. degrees"
2012,Mechanical Engineering,373,0.09433962264150944,0.06451612903225806,0.09053497942386832,"Extension Services, Academic Alliance","Bachelor's, master's, and Ph.D. degrees"
2011,Mechanical Engineering,373,0.13736263736263737,0.19047619047619047,0.14285714285714285,"Extension Services, Academic Alliance","Bachelor's, master's, and Ph.D. degrees"
2014,Mechanical Engineering,41,0.0,0.0,0.0,"Extension Services, Academic Alliance","Bachelor's, master's, and Ph.D. degrees"
2013,Mechanical Engineering,41,0.15300546448087432,0.038461538461538464,0.14540816326530612,"Extension Services, Academic Alliance","Bachelor's, master's, and Ph.D. degrees"
2012,Mechanical Engineering,41,0.08359133126934984,0.11538461538461539,0.08595988538681948,"Extension Services, Academic Alliance","Bachelor's, master's, and Ph.D. degrees"
2011,Mechanical Engineering,41,0.10596026490066225,0.17391304347826086,0.11076923076923077,"Extension Services, Academic Alliance","Bachelor's, master's, and Ph.D. degrees"
2011,Mechanical Engineering,238,0.1640625,0.07692307692307693,0.15602836879432624,"Extension Services, Academic Alliance","Bachelor's, master's, and Ph.D. degrees"
2012,Mechanical Engineering,238,0.19333333333333333,0.047619047619047616,0.17543859649122806,"Extension Services, Academic Alliance","Bachelor's, master's, and Ph.D. degrees"
2013,Mechanical Engineering,238,0.20441988950276244,0.2,0.20388349514563106,"Extension Services, Academic Alliance","Bachelor's, master's, and Ph.D. degrees"
2010,Mechanical Engineering,110,0.039473684210526314,0.029069767441860465,0.03793103448275862,"Extension Services, Academic Alliance","Bachelor's, master's, and Ph.D. degrees"
2011,Mechanical Engineering,110,0.0455005055611729,0.022727272727272728,0.04206008583690987,"Extension Services, Academic Alliance","Bachelor's, master's, and Ph.D. degrees"
2012,Mechanical Engineering,110,0.030451866404715127,0.0,0.026094276094276093,"Extension Services, Academic Alliance","Bachelor's, master's, and Ph.D. degrees"
2013,Mechanical Engineering,110,0.04365904365904366,0.0273224043715847,0.04104803493449782,"Extension Services, Academic Alliance","Bachelor's, master's, and Ph.D. degrees"
2014,Mechanical Engineering,110,0.017526777020447908,0.010582010582010581,0.01644736842105263,"Extension Services, Academic Alliance","Bachelor's, master's, and Ph.D. degrees"
2015,Mechanical Engineering,373,0.10833333333333334,0.034482758620689655,0.09395973154362416,"Extension Services, Academic Alliance","Bachelor's, master's, and Ph.D. degrees"
2015,Mechanical Engineering,110,0.00796812749003984,0.0070921985815602835,0.007829977628635347,"Extension Services, Academic Alliance","Bachelor's, master's, and Ph.D. degrees"
2014,Mechanical Engineering,238,0.16666666666666666,0.022727272727272728,0.14388489208633093,"Extension Services, Academic Alliance","Bachelor's, master's, and Ph.D. degrees"
2015,Mechanical Engineering,238,0.18360655737704917,0.08,0.16901408450704225,"Extension Services, Academic Alliance","Bachelor's, master's, and Ph.D. degrees"
2015,Mechanical Engineering,41,0.16876574307304787,0.1935483870967742,0.1705607476635514,"Extension Services, Academic Alliance","Bachelor's, master's, and Ph.D. degrees"
2010,Systems Engineering,13,0.09523809523809523,0.16666666666666666,0.1111111111111111,"Extension Services, Academic Alliance","Bachelor's, master's, and Ph.D. degrees"
2011,Systems Engineering,13,0.07692307692307693,0.0,0.061224489795918366,"Extension Services, Academic Alliance","Bachelor's, master's, and Ph.D. degrees"
2008,Computer Systems Engineering,117,0.10236220472440945,0.05555555555555555,0.09655172413793103,"Extension Services, Academic Alliance","Bachelor's, master's, and Ph.D. degrees"
2009,Computer Systems Engineering,117,0.09302325581395349,0.10714285714285714,0.0944055944055944,"Extension Services, Academic Alliance","Bachelor's, master's, and Ph.D. degrees"
2010,Computer Systems Engineering,117,0.14227642276422764,0.23333333333333334,0.15217391304347827,"Extension Services, Academic Alliance","Bachelor's, master's, and Ph.D. degrees"
2011,Computer Systems Engineering,117,0.11272727272727273,0.21212121212121213,0.12337662337662338,"Extension Services, Academic Alliance","Bachelor's, master's, and Ph.D. degrees"
2012,Computer Systems Engineering,117,0.1347517730496454,0.1891891891891892,0.14106583072100312,"Extension Services, Academic Alliance","Bachelor's, master's, and Ph.D. degrees"
2013,Computer Systems Engineering,117,0.11041009463722397,0.11428571428571428,0.11079545454545454,"Extension Services, Academic Alliance","Bachelor's, master's, and Ph.D. degrees"
2009,Biosystems Engineering,487,0.0,0.0,0.0,"Extension Services, Academic Alliance","Bachelor's, master's, and Ph.D. degrees"
2010,Biosystems Engineering,487,0.0,0.0,0.0,"Extension Services, Academic Alliance","Bachelor's, master's, and Ph.D. degrees"
2011,Biosystems Engineering,487,0.0,0.016666666666666666,0.005917159763313609,"Extension Services, Academic Alliance","Bachelor's, master's, and Ph.D. degrees"
2010,Engineering Technology,110,0.04091456077015644,0.037267080745341616,0.04032258064516129,"Extension Services, Academic Alliance","Bachelor's, master's, and Ph.D. degrees"
2011,Engineering Technology,110,0.03753026634382567,0.033783783783783786,0.03696098562628337,"Extension Services, Academic Alliance","Bachelor's, master's, and Ph.D. degrees"
2012,Engineering Technology,110,0.038238702201622246,0.04878048780487805,0.03955375253549696,"Extension Services, Academic Alliance","Bachelor's, master's, and Ph.D. degrees"
2013,Engineering Technology,110,0.032362459546925564,0.015037593984962405,0.03018867924528302,"Extension Services, Academic Alliance","Bachelor's, master's, and Ph.D. degrees"
2014,Engineering Technology,110,0.03538928210313448,0.04081632653061224,0.03609154929577465,"Extension Services, Academic Alliance","Bachelor's, master's, and Ph.D. degrees"
2015,Engineering Technology,110,0.045351473922902494,0.03496503496503497,0.04390243902439024,"Extension Services, Academic Alliance","Bachelor's, master's, and Ph.D. degrees"
2007,Bioinformatics,114,0.5,0.25,0.35714285714285715,"Extension Services, Academic Alliance","Bachelor's, master's, and Ph.D. degrees"
2008,Bioinformatics,114,0.18181818181818182,0.0,0.07692307692307693,"Extension Services, Academic Alliance","Bachelor's, master's, and Ph.D. degrees"
2009,Bioinformatics,114,0.05555555555555555,0.1111111111111111,0.07407407407407407,"Extension Services, Academic Alliance","Bachelor's, master's, and Ph.D. degrees"
2012,Management Information Systems,120,0.4326241134751773,0.35714285714285715,0.41530054644808745,Academic Alliance,Bachelor's and master's degrees only
2013,Management Information Systems,120,0.1945392491467577,0.13636363636363635,0.18110236220472442,Academic Alliance,Bachelor's and master's degrees only
2014,Management Information Systems,120,0.12422360248447205,0.125,0.12437810945273632,Academic Alliance,Bachelor's and master's degrees only
